time	tot_disp
0.0000000000e+00	0.0000000000e+00
1.0000000000e-02	3.6787500000e-08
2.0000000000e-02	1.8393750000e-07
3.0000000000e-02	4.7823750000e-07
4.0000000000e-02	9.1968750000e-07
5.0000000000e-02	1.5082875000e-06
6.0000000000e-02	2.2440223354e-06
7.0000000000e-02	3.1268398041e-06
8.0000000000e-02	4.1566544707e-06
9.0000000000e-02	5.3331926193e-06
1.0000000000e-01	6.6547472932e-06
1.1000000000e-01	8.1148072732e-06
1.2000000000e-01	9.7014365104e-06
1.3000000000e-01	1.1407712208e-05
1.4000000000e-01	1.3239008431e-05
1.5000000000e-01	1.5200372966e-05
1.6000000000e-01	1.7290746173e-05
1.7000000000e-01	1.9511738542e-05
1.8000000000e-01	2.1866018752e-05
1.9000000000e-01	2.4355697303e-05
2.0000000000e-01	2.6985703899e-05
2.1000000000e-01	2.9762619403e-05
2.2000000000e-01	3.2692400754e-05
2.3000000000e-01	3.5775928729e-05
2.4000000000e-01	3.9006756795e-05
2.5000000000e-01	4.2377062789e-05
2.6000000000e-01	4.5884602885e-05
2.7000000000e-01	4.9528876803e-05
2.8000000000e-01	5.3300264648e-05
2.9000000000e-01	5.7181176077e-05
3.0000000000e-01	6.1161718714e-05
3.1000000000e-01	6.5244767215e-05
3.2000000000e-01	6.9433707705e-05
3.3000000000e-01	7.3731978619e-05
3.4000000000e-01	7.8149369281e-05
3.5000000000e-01	8.2694450525e-05
3.6000000000e-01	8.7371156119e-05
3.7000000000e-01	9.2183231137e-05
3.8000000000e-01	9.7138283663e-05
3.9000000000e-01	1.0224683019e-04
4.0000000000e-01	1.0751182969e-04
4.1000000000e-01	1.1292441732e-04
4.2000000000e-01	1.1847268869e-04
4.3000000000e-01	1.2414921786e-04
4.4000000000e-01	1.2994670348e-04
4.5000000000e-01	1.3585105821e-04
4.6000000000e-01	1.4184589689e-04
4.7000000000e-01	1.4792382680e-04
4.8000000000e-01	1.5408727317e-04
4.9000000000e-01	1.6033808906e-04
5.0000000000e-01	1.6668036762e-04
5.1000000000e-01	1.7312843272e-04
5.2000000000e-01	1.7969756514e-04
5.3000000000e-01	1.8639654405e-04
5.4000000000e-01	1.9323155508e-04
5.5000000000e-01	2.0021097480e-04
5.6000000000e-01	2.0734282141e-04
5.7000000000e-01	2.1462609337e-04
5.8000000000e-01	2.2205066510e-04
5.9000000000e-01	2.2960495619e-04
6.0000000000e-01	2.3727922622e-04
6.1000000000e-01	2.4506184252e-04
6.2000000000e-01	2.5293831101e-04
6.3000000000e-01	2.6089566782e-04
6.4000000000e-01	2.6892267289e-04
6.5000000000e-01	2.7701264990e-04
6.6000000000e-01	2.8517141599e-04
6.7000000000e-01	2.9341247073e-04
6.8000000000e-01	3.0174966079e-04
6.9000000000e-01	3.1019802685e-04
7.0000000000e-01	3.1876894537e-04
7.1000000000e-01	3.2747017119e-04
7.2000000000e-01	3.3631118687e-04
7.3000000000e-01	3.4529879583e-04
7.4000000000e-01	3.5443255472e-04
7.5000000000e-01	3.6370518335e-04
7.6000000000e-01	3.7310304995e-04
7.7000000000e-01	3.8260847913e-04
7.8000000000e-01	3.9220575909e-04
7.9000000000e-01	4.0188549111e-04
8.0000000000e-01	4.1164097732e-04
8.1000000000e-01	4.2146243488e-04
8.2000000000e-01	4.3133814220e-04
8.3000000000e-01	4.4126476148e-04
8.4000000000e-01	4.5125592304e-04
8.5000000000e-01	4.6133196759e-04
8.6000000000e-01	4.7150878057e-04
8.7000000000e-01	4.8180098020e-04
8.8000000000e-01	4.9221974068e-04
8.9000000000e-01	5.0276896835e-04
9.0000000000e-01	5.1344971672e-04
9.1000000000e-01	5.2426356595e-04
9.2000000000e-01	5.3520999914e-04
9.3000000000e-01	5.4627973179e-04
9.4000000000e-01	5.5745296601e-04
9.5000000000e-01	5.6870786993e-04
9.6000000000e-01	5.8003085085e-04
9.7000000000e-01	5.9141742696e-04
9.8000000000e-01	6.0286525507e-04
9.9000000000e-01	6.1436947441e-04
1.0000000000e+00	6.2592424786e-04
1.0100000000e+00	6.3753036651e-04
1.0200000000e+00	6.4920149471e-04
1.0300000000e+00	6.6095715395e-04
1.0400000000e+00	6.7281543434e-04
1.0500000000e+00	6.8479200859e-04
1.0600000000e+00	6.9689287211e-04
1.0700000000e+00	7.0911405531e-04
1.0800000000e+00	7.2145145797e-04
1.0900000000e+00	7.3390374520e-04
1.1000000000e+00	7.4646775809e-04
1.1100000000e+00	7.5913302033e-04
1.1200000000e+00	7.7188147842e-04
1.1300000000e+00	7.8469410240e-04
1.1400000000e+00	7.9755877954e-04
1.1500000000e+00	8.1047302119e-04
1.1600000000e+00	8.2344004535e-04
1.1700000000e+00	8.3646233784e-04
1.1800000000e+00	8.4953788597e-04
1.1900000000e+00	8.6266668863e-04
1.2000000000e+00	8.7586088961e-04
1.2100000000e+00	8.8913872959e-04
1.2200000000e+00	9.0251515206e-04
1.2300000000e+00	9.1600162683e-04
1.2400000000e+00	9.2960102092e-04
1.2500000000e+00	9.4330657061e-04
1.2600000000e+00	9.5711000375e-04
1.2700000000e+00	9.7100584988e-04
1.2800000000e+00	9.8499047237e-04
1.2900000000e+00	9.9905722908e-04
1.3000000000e+00	1.0131927040e-03
1.3100000000e+00	1.0273808923e-03
1.3200000000e+00	1.0416125192e-03
1.3300000000e+00	1.0558890780e-03
1.3400000000e+00	1.0702183292e-03
1.3500000000e+00	1.0846089934e-03
1.3600000000e+00	1.0990655608e-03
1.3700000000e+00	1.1135834165e-03
1.3800000000e+00	1.1281596810e-03
1.3900000000e+00	1.1428072635e-03
1.4000000000e+00	1.1575419491e-03
1.4100000000e+00	1.1723697954e-03
1.4200000000e+00	1.1872912576e-03
1.4300000000e+00	1.2022984006e-03
1.4400000000e+00	1.2173787384e-03
1.4500000000e+00	1.2325257012e-03
1.4600000000e+00	1.2477383919e-03
1.4700000000e+00	1.2630179908e-03
1.4800000000e+00	1.2783623993e-03
1.4900000000e+00	1.2937622208e-03
1.5000000000e+00	1.3092063825e-03
1.5100000000e+00	1.3246939767e-03
1.5200000000e+00	1.3402363083e-03
1.5300000000e+00	1.3558454694e-03
1.5400000000e+00	1.3715273341e-03
1.5500000000e+00	1.3872799039e-03
1.5600000000e+00	1.4030906259e-03
1.5700000000e+00	1.4189499816e-03
1.5800000000e+00	1.4348669817e-03
1.5900000000e+00	1.4508532767e-03
1.6000000000e+00	1.4669095860e-03
1.6100000000e+00	1.4830314885e-03
1.6200000000e+00	1.4992079001e-03
1.6300000000e+00	1.5154283213e-03
1.6400000000e+00	1.5316945653e-03
1.6500000000e+00	1.5480158074e-03
1.6600000000e+00	1.5644004622e-03
1.6700000000e+00	1.5808505131e-03
1.6800000000e+00	1.5973590911e-03
1.6900000000e+00	1.6139169275e-03
1.7000000000e+00	1.6305247941e-03
1.7100000000e+00	1.6471947968e-03
1.7200000000e+00	1.6639361395e-03
1.7300000000e+00	1.6807485970e-03
1.7400000000e+00	1.6976254280e-03
1.7500000000e+00	1.7145509390e-03
1.7600000000e+00	1.7315063279e-03
1.7700000000e+00	1.7484885849e-03
1.7800000000e+00	1.7655109559e-03
1.7900000000e+00	1.7825811062e-03
1.8000000000e+00	1.7996938464e-03
1.8100000000e+00	1.8168408772e-03
1.8200000000e+00	1.8340185535e-03
1.8300000000e+00	1.8512342470e-03
1.8400000000e+00	1.8685031378e-03
1.8500000000e+00	1.8858378997e-03
1.8600000000e+00	1.9032444511e-03
1.8700000000e+00	1.9207192755e-03
1.8800000000e+00	1.9382501027e-03
1.8900000000e+00	1.9558284865e-03
1.9000000000e+00	1.9734598701e-03
1.9100000000e+00	1.9911523474e-03
1.9200000000e+00	2.0089017783e-03
1.9300000000e+00	2.0266947896e-03
1.9400000000e+00	2.0445175548e-03
1.9500000000e+00	2.0623575917e-03
1.9600000000e+00	2.0802063037e-03
1.9700000000e+00	2.0980674617e-03
1.9800000000e+00	2.1159563479e-03
1.9900000000e+00	2.1338815957e-03
2.0000000000e+00	2.1518387260e-03
2.0100000000e+00	2.1698248286e-03
2.0200000000e+00	2.1878479016e-03
2.0300000000e+00	2.2059237710e-03
2.0400000000e+00	2.2240649598e-03
2.0500000000e+00	2.2422735792e-03
2.0600000000e+00	2.2605451857e-03
2.0700000000e+00	2.2788703292e-03
2.0800000000e+00	2.2972359082e-03
2.0900000000e+00	2.3156343802e-03
2.1000000000e+00	2.3340681985e-03
2.1100000000e+00	2.3525394002e-03
2.1200000000e+00	2.3710389646e-03
2.1300000000e+00	2.3895532184e-03
2.1400000000e+00	2.4080777402e-03
2.1500000000e+00	2.4266183884e-03
2.1600000000e+00	2.4451808675e-03
2.1700000000e+00	2.4637648638e-03
2.1800000000e+00	2.4823713890e-03
2.1900000000e+00	2.5010085926e-03
2.2000000000e+00	2.5196798387e-03
2.2100000000e+00	2.5383825409e-03
2.2200000000e+00	2.5571235437e-03
2.2300000000e+00	2.5759128405e-03
2.2400000000e+00	2.5947493427e-03
2.2500000000e+00	2.6136236335e-03
2.2600000000e+00	2.6325277284e-03
2.2700000000e+00	2.6514602952e-03
2.2800000000e+00	2.6704210706e-03
2.2900000000e+00	2.6894054861e-03
2.3000000000e+00	2.7084090422e-03
2.3100000000e+00	2.7274315045e-03
2.3200000000e+00	2.7464728111e-03
2.3300000000e+00	2.7655299693e-03
2.3400000000e+00	2.7846050086e-03
2.3500000000e+00	2.8037092141e-03
2.3600000000e+00	2.8228497852e-03
2.3700000000e+00	2.8420190324e-03
2.3800000000e+00	2.8612032412e-03
2.3900000000e+00	2.8803982291e-03
2.4000000000e+00	2.8996118348e-03
2.4100000000e+00	2.9188484311e-03
2.4200000000e+00	2.9381037079e-03
2.4300000000e+00	2.9573761732e-03
2.4400000000e+00	2.9766645206e-03
2.4500000000e+00	2.9959628963e-03
2.4600000000e+00	3.0152699590e-03
2.4700000000e+00	3.0345942914e-03
2.4800000000e+00	3.0539472497e-03
2.4900000000e+00	3.0733300763e-03
2.5000000000e+00	3.0927340749e-03
2.5100000000e+00	3.1121542703e-03
2.5200000000e+00	3.1315948071e-03
2.5300000000e+00	3.1510612097e-03
2.5400000000e+00	3.1705538949e-03
2.5500000000e+00	3.1900709214e-03
2.5600000000e+00	3.2096103515e-03
2.5700000000e+00	3.2291657600e-03
2.5800000000e+00	3.2487276786e-03
2.5900000000e+00	3.2682913252e-03
2.6000000000e+00	3.2878539340e-03
2.6100000000e+00	3.3074123363e-03
2.6200000000e+00	3.3269672770e-03
2.6300000000e+00	3.3465183094e-03
2.6400000000e+00	3.3660654108e-03
2.6500000000e+00	3.3856159717e-03
2.6600000000e+00	3.4051767583e-03
2.6700000000e+00	3.4247524108e-03
2.6800000000e+00	3.4443495008e-03
2.6900000000e+00	3.4639716577e-03
2.7000000000e+00	3.4836177037e-03
2.7100000000e+00	3.5032853050e-03
2.7200000000e+00	3.5229730748e-03
2.7300000000e+00	3.5426780999e-03
2.7400000000e+00	3.5623951286e-03
2.7500000000e+00	3.5821185260e-03
2.7600000000e+00	3.6018419567e-03
2.7700000000e+00	3.6215607839e-03
2.7800000000e+00	3.6412749435e-03
2.7900000000e+00	3.6609855159e-03
2.8000000000e+00	3.6806944329e-03
2.8100000000e+00	3.7004057072e-03
2.8200000000e+00	3.7201172287e-03
2.8300000000e+00	3.7398195933e-03
2.8400000000e+00	3.7595111271e-03
2.8500000000e+00	3.7792024257e-03
2.8600000000e+00	3.7989008143e-03
2.8700000000e+00	3.8186050851e-03
2.8800000000e+00	3.8383139610e-03
2.8900000000e+00	3.8580252857e-03
2.9000000000e+00	3.8777361343e-03
2.9100000000e+00	3.8974471200e-03
2.9200000000e+00	3.9171607232e-03
2.9300000000e+00	3.9368797936e-03
2.9400000000e+00	3.9566037781e-03
2.9500000000e+00	3.9763247366e-03
2.9600000000e+00	3.9960351753e-03
2.9700000000e+00	4.0157378046e-03
2.9800000000e+00	4.0354396694e-03
2.9900000000e+00	4.0551423457e-03
3.0000000000e+00	4.0748446908e-03
3.0100000000e+00	4.0945467457e-03
3.0200000000e+00	4.1142470466e-03
3.0300000000e+00	4.1339441513e-03
3.0400000000e+00	4.1536400514e-03
3.0500000000e+00	4.1733339940e-03
3.0600000000e+00	4.1930163016e-03
3.0700000000e+00	4.2126766345e-03
3.0800000000e+00	4.2323133232e-03
3.0900000000e+00	4.2519285750e-03
3.1000000000e+00	4.2715249224e-03
3.1100000000e+00	4.2911061431e-03
3.1200000000e+00	4.3106733354e-03
3.1300000000e+00	4.3302271800e-03
3.1400000000e+00	4.3497707177e-03
3.1500000000e+00	4.3693073394e-03
3.1600000000e+00	4.3888432543e-03
3.1700000000e+00	4.4083850399e-03
3.1800000000e+00	4.4279316544e-03
3.1900000000e+00	4.4474757066e-03
3.2000000000e+00	4.4670118966e-03
3.2100000000e+00	4.4865388370e-03
3.2200000000e+00	4.5060549218e-03
3.2300000000e+00	4.5255579213e-03
3.2400000000e+00	4.5450456828e-03
3.2500000000e+00	4.5645144012e-03
3.2600000000e+00	4.5839604076e-03
3.2700000000e+00	4.6033837347e-03
3.2800000000e+00	4.6227870327e-03
3.2900000000e+00	4.6421711344e-03
3.3000000000e+00	4.6615303005e-03
3.3100000000e+00	4.6808579552e-03
3.3200000000e+00	4.7001583306e-03
3.3300000000e+00	4.7194386104e-03
3.3400000000e+00	4.7387000943e-03
3.3500000000e+00	4.7579449840e-03
3.3600000000e+00	4.7771752662e-03
3.3700000000e+00	4.7963897738e-03
3.3800000000e+00	4.8155869357e-03
3.3900000000e+00	4.8347669323e-03
3.4000000000e+00	4.8539331896e-03
3.4100000000e+00	4.8730877106e-03
3.4200000000e+00	4.8922262196e-03
3.4300000000e+00	4.9113413360e-03
3.4400000000e+00	4.9304297630e-03
3.4500000000e+00	4.9494936834e-03
3.4600000000e+00	4.9685344822e-03
3.4700000000e+00	4.9875514446e-03
3.4800000000e+00	5.0065460892e-03
3.4900000000e+00	5.0255193833e-03
3.5000000000e+00	5.0444691595e-03
3.5100000000e+00	5.0633960929e-03
3.5200000000e+00	5.0823050797e-03
3.5300000000e+00	5.1011994197e-03
3.5400000000e+00	5.1200739442e-03
3.5500000000e+00	5.1389131789e-03
3.5600000000e+00	5.1577066212e-03
3.5700000000e+00	5.1764597037e-03
3.5800000000e+00	5.1951778159e-03
3.5900000000e+00	5.2138586928e-03
3.6000000000e+00	5.2325028174e-03
3.6100000000e+00	5.2511118313e-03
3.6200000000e+00	5.2696845916e-03
3.6300000000e+00	5.2882225335e-03
3.6400000000e+00	5.3067338726e-03
3.6500000000e+00	5.3252296525e-03
3.6600000000e+00	5.3437137651e-03
3.6700000000e+00	5.3621798727e-03
3.6800000000e+00	5.3806194391e-03
3.6900000000e+00	5.3990310392e-03
3.7000000000e+00	5.4174180752e-03
3.7100000000e+00	5.4357789163e-03
3.7200000000e+00	5.4541084359e-03
3.7300000000e+00	5.4724038946e-03
3.7400000000e+00	5.4906602958e-03
3.7500000000e+00	5.5088710528e-03
3.7600000000e+00	5.5270379403e-03
3.7700000000e+00	5.5451702807e-03
3.7800000000e+00	5.5632753339e-03
3.7900000000e+00	5.5813523579e-03
3.8000000000e+00	5.5993919518e-03
3.8100000000e+00	5.6173827971e-03
3.8200000000e+00	5.6353235595e-03
3.8300000000e+00	5.6532239764e-03
3.8400000000e+00	5.6710895888e-03
3.8500000000e+00	5.6889180376e-03
3.8600000000e+00	5.7067069731e-03
3.8700000000e+00	5.7244505032e-03
3.8800000000e+00	5.7421439030e-03
3.8900000000e+00	5.7597936501e-03
3.9000000000e+00	5.7774102798e-03
3.9100000000e+00	5.7949986231e-03
3.9200000000e+00	5.8125554420e-03
3.9300000000e+00	5.8300723194e-03
3.9400000000e+00	5.8475441628e-03
3.9500000000e+00	5.8649749013e-03
3.9600000000e+00	5.8823714128e-03
3.9700000000e+00	5.8997352872e-03
3.9800000000e+00	5.9170635827e-03
3.9900000000e+00	5.9343510381e-03
4.0000000000e+00	5.9515904687e-03
4.0100000000e+00	5.9687797443e-03
4.0200000000e+00	5.9859265332e-03
4.0300000000e+00	6.0030386730e-03
4.0400000000e+00	6.0201159552e-03
4.0500000000e+00	6.0371519940e-03
4.0600000000e+00	6.0541352584e-03
4.0700000000e+00	6.0710538408e-03
4.0800000000e+00	6.0879071755e-03
4.0900000000e+00	6.1047063457e-03
4.1000000000e+00	6.1214575950e-03
4.1100000000e+00	6.1381570762e-03
4.1200000000e+00	6.1548000912e-03
4.1300000000e+00	6.1713836333e-03
4.1400000000e+00	6.1879112239e-03
4.1500000000e+00	6.2043945080e-03
4.1600000000e+00	6.2208428202e-03
4.1700000000e+00	6.2372582259e-03
4.1800000000e+00	6.2536361207e-03
4.1900000000e+00	6.2699671342e-03
4.2000000000e+00	6.2862454174e-03
4.2100000000e+00	6.3024750439e-03
4.2200000000e+00	6.3186622200e-03
4.2300000000e+00	6.3348046531e-03
4.2400000000e+00	6.3508938075e-03
4.2500000000e+00	6.3669218706e-03
4.2600000000e+00	6.3828849173e-03
4.2700000000e+00	6.3987861295e-03
4.2800000000e+00	6.4146350538e-03
4.2900000000e+00	6.4304391162e-03
4.3000000000e+00	6.4461990506e-03
4.3100000000e+00	6.4619115116e-03
4.3200000000e+00	6.4775727837e-03
4.3300000000e+00	6.4931839900e-03
4.3400000000e+00	6.5087476242e-03
4.3500000000e+00	6.5242566029e-03
4.3600000000e+00	6.5397003334e-03
4.3700000000e+00	6.5550763551e-03
4.3800000000e+00	6.5703819637e-03
4.3900000000e+00	6.5856117236e-03
4.4000000000e+00	6.6007689291e-03
4.4100000000e+00	6.6158610412e-03
4.4200000000e+00	6.6308911041e-03
4.4300000000e+00	6.6458597702e-03
4.4400000000e+00	6.6607687608e-03
4.4500000000e+00	6.6756237401e-03
4.4600000000e+00	6.6904324158e-03
4.4700000000e+00	6.7051980983e-03
4.4800000000e+00	6.7199178401e-03
4.4900000000e+00	6.7345883322e-03
4.5000000000e+00	6.7492071661e-03
4.5100000000e+00	6.7637677197e-03
4.5200000000e+00	6.7782638935e-03
4.5300000000e+00	6.7926962175e-03
4.5400000000e+00	6.8070642402e-03
4.5500000000e+00	6.8213622789e-03
4.5600000000e+00	6.8355867819e-03
4.5700000000e+00	6.8497394986e-03
4.5800000000e+00	6.8638256310e-03
4.5900000000e+00	6.8778516917e-03
4.6000000000e+00	6.8918219234e-03
4.6100000000e+00	6.9057389662e-03
4.6200000000e+00	6.9196045069e-03
4.6300000000e+00	6.9334128001e-03
4.6400000000e+00	6.9471503123e-03
4.6500000000e+00	6.9608108240e-03
4.6600000000e+00	6.9744011387e-03
4.6700000000e+00	6.9879218547e-03
4.6800000000e+00	7.0013633941e-03
4.6900000000e+00	7.0147220914e-03
4.7000000000e+00	7.0279987004e-03
4.7100000000e+00	7.0411943950e-03
4.7200000000e+00	7.0543144639e-03
4.7300000000e+00	7.0673666664e-03
4.7400000000e+00	7.0803588534e-03
4.7500000000e+00	7.0932944975e-03
4.7600000000e+00	7.1061695114e-03
4.7700000000e+00	7.1189802941e-03
4.7800000000e+00	7.1317317405e-03
4.7900000000e+00	7.1444290399e-03
4.8000000000e+00	7.1570672588e-03
4.8100000000e+00	7.1696375834e-03
4.8200000000e+00	7.1821353309e-03
4.8300000000e+00	7.1945557415e-03
4.8400000000e+00	7.2068937414e-03
4.8500000000e+00	7.2191508211e-03
4.8600000000e+00	7.2313322056e-03
4.8700000000e+00	7.2434402703e-03
4.8800000000e+00	7.2554740820e-03
4.8900000000e+00	7.2674322559e-03
4.9000000000e+00	7.2793194729e-03
4.9100000000e+00	7.2911455844e-03
4.9200000000e+00	7.3029141235e-03
4.9300000000e+00	7.3146174933e-03
4.9400000000e+00	7.3262423776e-03
4.9500000000e+00	7.3377797567e-03
4.9600000000e+00	7.3492296120e-03
4.9700000000e+00	7.3605929848e-03
4.9800000000e+00	7.3718695430e-03
4.9900000000e+00	7.3830603492e-03
5.0000000000e+00	7.3941623260e-03
5.0100000000e+00	7.4051711595e-03
5.0200000000e+00	7.4160899793e-03
5.0300000000e+00	7.4269294829e-03
5.0400000000e+00	7.4377018910e-03
5.0500000000e+00	7.4484116894e-03
5.0600000000e+00	7.4590549359e-03
5.0700000000e+00	7.4696271792e-03
5.0800000000e+00	7.4801273689e-03
5.0900000000e+00	7.4905564979e-03
5.1000000000e+00	7.5009146378e-03
5.1100000000e+00	7.5111996184e-03
5.1200000000e+00	7.5214061039e-03
5.1300000000e+00	7.5315242956e-03
5.1400000000e+00	7.5415461398e-03
5.1500000000e+00	7.5514733445e-03
5.1600000000e+00	7.5613134927e-03
5.1700000000e+00	7.5710721475e-03
5.1800000000e+00	7.5807505458e-03
5.1900000000e+00	7.5903476572e-03
5.2000000000e+00	7.5998650388e-03
5.2100000000e+00	7.6093077513e-03
5.2200000000e+00	7.6186815610e-03
5.2300000000e+00	7.6279913475e-03
5.2400000000e+00	7.6372365726e-03
5.2500000000e+00	7.6464052063e-03
5.2600000000e+00	7.6554762834e-03
5.2700000000e+00	7.6644372869e-03
5.2800000000e+00	7.6732941681e-03
5.2900000000e+00	7.6820532077e-03
5.3000000000e+00	7.6907106873e-03
5.3100000000e+00	7.6992635766e-03
5.3200000000e+00	7.7077110505e-03
5.3300000000e+00	7.7160552631e-03
5.3400000000e+00	7.7243057690e-03
5.3500000000e+00	7.7324765835e-03
5.3600000000e+00	7.7405808482e-03
5.3700000000e+00	7.7486226025e-03
5.3800000000e+00	7.7565934399e-03
5.3900000000e+00	7.7644834880e-03
5.4000000000e+00	7.7722926193e-03
5.4100000000e+00	7.7800252617e-03
5.4200000000e+00	7.7876782110e-03
5.4300000000e+00	7.7952411316e-03
5.4400000000e+00	7.8027042036e-03
5.4500000000e+00	7.8100585732e-03
5.4600000000e+00	7.8172989231e-03
5.4700000000e+00	7.8244304759e-03
5.4800000000e+00	7.8314648747e-03
5.4900000000e+00	7.8384104975e-03
5.5000000000e+00	7.8452688321e-03
5.5100000000e+00	7.8520376725e-03
5.5200000000e+00	7.8587206299e-03
5.5300000000e+00	7.8653288821e-03
5.5400000000e+00	7.8718707653e-03
5.5500000000e+00	7.8783465298e-03
5.5600000000e+00	7.8847510750e-03
5.5700000000e+00	7.8910753701e-03
5.5800000000e+00	7.8973066873e-03
5.5900000000e+00	7.9034315490e-03
5.6000000000e+00	7.9094389142e-03
5.6100000000e+00	7.9153237418e-03
5.6200000000e+00	7.9210873605e-03
5.6300000000e+00	7.9267278271e-03
5.6400000000e+00	7.9322413996e-03
5.6500000000e+00	7.9376355590e-03
5.6600000000e+00	7.9429244338e-03
5.6700000000e+00	7.9481198913e-03
5.6800000000e+00	7.9532326455e-03
5.6900000000e+00	7.9582716623e-03
5.7000000000e+00	7.9632407461e-03
5.7100000000e+00	7.9681377026e-03
5.7200000000e+00	7.9729575729e-03
5.7300000000e+00	7.9776956861e-03
5.7400000000e+00	7.9823471434e-03
5.7500000000e+00	7.9869028367e-03
5.7600000000e+00	7.9913483481e-03
5.7700000000e+00	7.9956717716e-03
5.7800000000e+00	7.9998699204e-03
5.7900000000e+00	8.0039437006e-03
5.8000000000e+00	8.0078953610e-03
5.8100000000e+00	8.0117323200e-03
5.8200000000e+00	8.0154641877e-03
5.8300000000e+00	8.0190979398e-03
5.8400000000e+00	8.0226405424e-03
5.8500000000e+00	8.0261008834e-03
5.8600000000e+00	8.0294878418e-03
5.8700000000e+00	8.0328059354e-03
5.8800000000e+00	8.0360515906e-03
5.8900000000e+00	8.0392160038e-03
5.9000000000e+00	8.0422905312e-03
5.9100000000e+00	8.0452672931e-03
5.9200000000e+00	8.0481373947e-03
5.9300000000e+00	8.0508930807e-03
5.9400000000e+00	8.0535287690e-03
5.9500000000e+00	8.0560347643e-03
5.9600000000e+00	8.0583967440e-03
5.9700000000e+00	8.0606113549e-03
5.9800000000e+00	8.0626939349e-03
5.9900000000e+00	8.0646610362e-03
6.0000000000e+00	8.0665209169e-03
6.0100000000e+00	8.0682811447e-03
6.0200000000e+00	8.0699483914e-03
6.0300000000e+00	8.0715277776e-03
6.0400000000e+00	8.0730241942e-03
6.0500000000e+00	8.0744408928e-03
6.0600000000e+00	8.0757788807e-03
6.0700000000e+00	8.0770313315e-03
6.0800000000e+00	8.0781805890e-03
6.0900000000e+00	8.0792084223e-03
6.1000000000e+00	8.0801079180e-03
6.1100000000e+00	8.0808799065e-03
6.1200000000e+00	8.0815224005e-03
6.1300000000e+00	8.0820322291e-03
6.1400000000e+00	8.0824110594e-03
6.1500000000e+00	8.0826632848e-03
6.1600000000e+00	8.0827956350e-03
6.1700000000e+00	8.0828209764e-03
6.1800000000e+00	8.0827549158e-03
6.1900000000e+00	8.0826081762e-03
6.2000000000e+00	8.0823819214e-03
6.2100000000e+00	8.0820695039e-03
6.2200000000e+00	8.0816658859e-03
6.2300000000e+00	8.0811702917e-03
6.2400000000e+00	8.0805783856e-03
6.2500000000e+00	8.0798801101e-03
6.2600000000e+00	8.0790645077e-03
6.2700000000e+00	8.0781217920e-03
6.2800000000e+00	8.0770435487e-03
6.2900000000e+00	8.0758274862e-03
6.3000000000e+00	8.0744807854e-03
6.3100000000e+00	8.0730141436e-03
6.3200000000e+00	8.0714346355e-03
6.3300000000e+00	8.0697445449e-03
6.3400000000e+00	8.0679424654e-03
6.3500000000e+00	8.0660256236e-03
6.3600000000e+00	8.0639966458e-03
6.3700000000e+00	8.0618646871e-03
6.3800000000e+00	8.0596327590e-03
6.3900000000e+00	8.0572937989e-03
6.4000000000e+00	8.0548386885e-03
6.4100000000e+00	8.0522582172e-03
6.4200000000e+00	8.0495476947e-03
6.4300000000e+00	8.0467097775e-03
6.4400000000e+00	8.0437478311e-03
6.4500000000e+00	8.0406623032e-03
6.4600000000e+00	8.0374509389e-03
6.4700000000e+00	8.0341106245e-03
6.4800000000e+00	8.0306426806e-03
6.4900000000e+00	8.0270562751e-03
6.5000000000e+00	8.0233625511e-03
6.5100000000e+00	8.0195658496e-03
6.5200000000e+00	8.0156639033e-03
6.5300000000e+00	8.0116527362e-03
6.5400000000e+00	8.0075284891e-03
6.5500000000e+00	8.0032898496e-03
6.5600000000e+00	7.9989388690e-03
6.5700000000e+00	7.9944750878e-03
6.5800000000e+00	7.9898926685e-03
6.5900000000e+00	7.9851836229e-03
6.6000000000e+00	7.9803413915e-03
6.6100000000e+00	7.9753659697e-03
6.6200000000e+00	7.9702641899e-03
6.6300000000e+00	7.9650424682e-03
6.6400000000e+00	7.9597030554e-03
6.6500000000e+00	7.9542460474e-03
6.6600000000e+00	7.9486718155e-03
6.6700000000e+00	7.9429825528e-03
6.6800000000e+00	7.9371834705e-03
6.6900000000e+00	7.9312804165e-03
6.7000000000e+00	7.9252741464e-03
6.7100000000e+00	7.9191590905e-03
6.7200000000e+00	7.9129274709e-03
6.7300000000e+00	7.9065733555e-03
6.7400000000e+00	7.9000938900e-03
6.7500000000e+00	7.8934841839e-03
6.7600000000e+00	7.8867318045e-03
6.7700000000e+00	7.8798266008e-03
6.7800000000e+00	7.8727710262e-03
6.7900000000e+00	7.8655693383e-03
6.8000000000e+00	7.8582238213e-03
6.8100000000e+00	7.8507436803e-03
6.8200000000e+00	7.8431387892e-03
6.8300000000e+00	7.8354137442e-03
6.8400000000e+00	7.8275718392e-03
6.8500000000e+00	7.8196175567e-03
6.8600000000e+00	7.8115568082e-03
6.8700000000e+00	7.8033922307e-03
6.8800000000e+00	7.7951181833e-03
6.8900000000e+00	7.7867238326e-03
6.9000000000e+00	7.7782010492e-03
6.9100000000e+00	7.7695448309e-03
6.9200000000e+00	7.7607483199e-03
6.9300000000e+00	7.7518065360e-03
6.9400000000e+00	7.7427205239e-03
6.9500000000e+00	7.7334907630e-03
6.9600000000e+00	7.7241156878e-03
6.9700000000e+00	7.7145994214e-03
6.9800000000e+00	7.7049519007e-03
6.9900000000e+00	7.6951835516e-03
7.0000000000e+00	7.6853017721e-03
7.0100000000e+00	7.6753087815e-03
7.0200000000e+00	7.6652049121e-03
7.0300000000e+00	7.6549908256e-03
7.0400000000e+00	7.6446640659e-03
7.0500000000e+00	7.6342194163e-03
7.0600000000e+00	7.6236524171e-03
7.0700000000e+00	7.6129578124e-03
7.0800000000e+00	7.6021262585e-03
7.0900000000e+00	7.5911490025e-03
7.1000000000e+00	7.5800244447e-03
7.1100000000e+00	7.5687556711e-03
7.1200000000e+00	7.5573461053e-03
7.1300000000e+00	7.5457995153e-03
7.1400000000e+00	7.5341204848e-03
7.1500000000e+00	7.5223148379e-03
7.1600000000e+00	7.5103890467e-03
7.1700000000e+00	7.4983481463e-03
7.1800000000e+00	7.4861962874e-03
7.1900000000e+00	7.4739361689e-03
7.2000000000e+00	7.4615634436e-03
7.2100000000e+00	7.4490639000e-03
7.2200000000e+00	7.4364188743e-03
7.2300000000e+00	7.4236174218e-03
7.2400000000e+00	7.4106605947e-03
7.2500000000e+00	7.3975481494e-03
7.2600000000e+00	7.3842751101e-03
7.2700000000e+00	7.3708414086e-03
7.2800000000e+00	7.3572502187e-03
7.2900000000e+00	7.3435070221e-03
7.3000000000e+00	7.3296229558e-03
7.3100000000e+00	7.3156126233e-03
7.3200000000e+00	7.3014888055e-03
7.3300000000e+00	7.2872552255e-03
7.3400000000e+00	7.2729065498e-03
7.3500000000e+00	7.2584371663e-03
7.3600000000e+00	7.2438460016e-03
7.3700000000e+00	7.2291315312e-03
7.3800000000e+00	7.2142856124e-03
7.3900000000e+00	7.1992965561e-03
7.4000000000e+00	7.1841545916e-03
7.4100000000e+00	7.1688511193e-03
7.4200000000e+00	7.1533812959e-03
7.4300000000e+00	7.1377498732e-03
7.4400000000e+00	7.1219670227e-03
7.4500000000e+00	7.1060405757e-03
7.4600000000e+00	7.0899746463e-03
7.4700000000e+00	7.0737728121e-03
7.4800000000e+00	7.0574430474e-03
7.4900000000e+00	7.0409958876e-03
7.5000000000e+00	7.0244371337e-03
7.5100000000e+00	7.0077662708e-03
7.5200000000e+00	6.9909783737e-03
7.5300000000e+00	6.9740645192e-03
7.5400000000e+00	6.9570133863e-03
7.5500000000e+00	6.9398166755e-03
7.5600000000e+00	6.9224717880e-03
7.5700000000e+00	6.9049764232e-03
7.5800000000e+00	6.8873249801e-03
7.5900000000e+00	6.8695127363e-03
7.6000000000e+00	6.8515406412e-03
7.6100000000e+00	6.8334161447e-03
7.6200000000e+00	6.8151501086e-03
7.6300000000e+00	6.7967524395e-03
7.6400000000e+00	6.7782307476e-03
7.6500000000e+00	6.7595895665e-03
7.6600000000e+00	6.7408289936e-03
7.6700000000e+00	6.7219476798e-03
7.6800000000e+00	6.7029461268e-03
7.6900000000e+00	6.6838236694e-03
7.7000000000e+00	6.6645737598e-03
7.7100000000e+00	6.6451847826e-03
7.7200000000e+00	6.6256444674e-03
7.7300000000e+00	6.6059400191e-03
7.7400000000e+00	6.5860574719e-03
7.7500000000e+00	6.5659912975e-03
7.7600000000e+00	6.5457502911e-03
7.7700000000e+00	6.5253435611e-03
7.7800000000e+00	6.5047739323e-03
7.7900000000e+00	6.4840475539e-03
7.8000000000e+00	6.4631748808e-03
7.8100000000e+00	6.4421680787e-03
7.8200000000e+00	6.4210385590e-03
7.8300000000e+00	6.3997927302e-03
7.8400000000e+00	6.3784321849e-03
7.8500000000e+00	6.3569522483e-03
7.8600000000e+00	6.3353408509e-03
7.8700000000e+00	6.3135848613e-03
7.8800000000e+00	6.2916773551e-03
7.8900000000e+00	6.2696144126e-03
7.9000000000e+00	6.2473871243e-03
7.9100000000e+00	6.2249851318e-03
7.9200000000e+00	6.2024052596e-03
7.9300000000e+00	6.1796507291e-03
7.9400000000e+00	6.1567285505e-03
7.9500000000e+00	6.1336503851e-03
7.9600000000e+00	6.1104292452e-03
7.9700000000e+00	6.0870751199e-03
7.9800000000e+00	6.0635933517e-03
7.9900000000e+00	6.0399852890e-03
8.0000000000e+00	6.0162532969e-03
8.0100000000e+00	5.9924007713e-03
8.0200000000e+00	5.9684245328e-03
8.0300000000e+00	5.9443134490e-03
8.0400000000e+00	5.9200546690e-03
8.0500000000e+00	5.8956375928e-03
8.0600000000e+00	5.8710535619e-03
8.0700000000e+00	5.8462975615e-03
8.0800000000e+00	5.8213704233e-03
8.0900000000e+00	5.7962755208e-03
8.1000000000e+00	5.7710156067e-03
8.1100000000e+00	5.7455945891e-03
8.1200000000e+00	5.7200204449e-03
8.1300000000e+00	5.6943056202e-03
8.1400000000e+00	5.6684623416e-03
8.1500000000e+00	5.6424965715e-03
8.1600000000e+00	5.6164085865e-03
8.1700000000e+00	5.5901961989e-03
8.1800000000e+00	5.5638542115e-03
8.1900000000e+00	5.5373751588e-03
8.2000000000e+00	5.5107523665e-03
8.2100000000e+00	5.4839795821e-03
8.2200000000e+00	5.4570483634e-03
8.2300000000e+00	5.4299491387e-03
8.2400000000e+00	5.4026762533e-03
8.2500000000e+00	5.3752309992e-03
8.2600000000e+00	5.3476199343e-03
8.2700000000e+00	5.3198511739e-03
8.2800000000e+00	5.2919321045e-03
8.2900000000e+00	5.2638697352e-03
8.3000000000e+00	5.2356693442e-03
8.3100000000e+00	5.2073296321e-03
8.3200000000e+00	5.1788428048e-03
8.3300000000e+00	5.1502051007e-03
8.3400000000e+00	5.1214204266e-03
8.3500000000e+00	5.0924859723e-03
8.3600000000e+00	5.0633900355e-03
8.3700000000e+00	5.0341251546e-03
8.3800000000e+00	5.0046877782e-03
8.3900000000e+00	4.9750756618e-03
8.4000000000e+00	4.9452905604e-03
8.4100000000e+00	4.9153376791e-03
8.4200000000e+00	4.8852241012e-03
8.4300000000e+00	4.8549545082e-03
8.4400000000e+00	4.8245293418e-03
8.4500000000e+00	4.7939508215e-03
8.4600000000e+00	4.7632272061e-03
8.4700000000e+00	4.7323658036e-03
8.4800000000e+00	4.7013649586e-03
8.4900000000e+00	4.6702185540e-03
8.5000000000e+00	4.6389222484e-03
8.5100000000e+00	4.6074703948e-03
8.5200000000e+00	4.5758559127e-03
8.5300000000e+00	4.5440759408e-03
8.5400000000e+00	4.5121302977e-03
8.5500000000e+00	4.4800169861e-03
8.5600000000e+00	4.4477325046e-03
8.5700000000e+00	4.4152749754e-03
8.5800000000e+00	4.3826490938e-03
8.5900000000e+00	4.3498645894e-03
8.6000000000e+00	4.3169282835e-03
8.6100000000e+00	4.2838430441e-03
8.6200000000e+00	4.2506116291e-03
8.6300000000e+00	4.2172359509e-03
8.6400000000e+00	4.1837147062e-03
8.6500000000e+00	4.1500462289e-03
8.6600000000e+00	4.1162308301e-03
8.6700000000e+00	4.0822662256e-03
8.6800000000e+00	4.0481448499e-03
8.6900000000e+00	4.0138581570e-03
8.7000000000e+00	3.9794013325e-03
8.7100000000e+00	3.9447743571e-03
8.7200000000e+00	3.9099792952e-03
8.7300000000e+00	3.8750172942e-03
8.7400000000e+00	3.8398901659e-03
8.7500000000e+00	3.8046017399e-03
8.7600000000e+00	3.7691553568e-03
8.7700000000e+00	3.7335544899e-03
8.7800000000e+00	3.6978053296e-03
8.7900000000e+00	3.6619137867e-03
8.8000000000e+00	3.6258804510e-03
8.8100000000e+00	3.5897010704e-03
8.8200000000e+00	3.5533710800e-03
8.8300000000e+00	3.5168875078e-03
8.8400000000e+00	3.4802476502e-03
8.8500000000e+00	3.4434479841e-03
8.8600000000e+00	3.4064844712e-03
8.8700000000e+00	3.3693538224e-03
8.8800000000e+00	3.3320537499e-03
8.8900000000e+00	3.2945832040e-03
8.9000000000e+00	3.2569449392e-03
8.9100000000e+00	3.2191456707e-03
8.9200000000e+00	3.1811912583e-03
8.9300000000e+00	3.1430841489e-03
8.9400000000e+00	3.1048259167e-03
8.9500000000e+00	3.0664190984e-03
8.9600000000e+00	3.0278660679e-03
8.9700000000e+00	2.9891675640e-03
8.9800000000e+00	2.9503223148e-03
8.9900000000e+00	2.9113270977e-03
9.0000000000e+00	2.8721767246e-03
9.0100000000e+00	2.8328648494e-03
9.0200000000e+00	2.7933852704e-03
9.0300000000e+00	2.7537304830e-03
9.0400000000e+00	2.7138894200e-03
9.0500000000e+00	2.6738549630e-03
9.0600000000e+00	2.6336320593e-03
9.0700000000e+00	2.5932277225e-03
9.0800000000e+00	2.5526450434e-03
9.0900000000e+00	2.5118904282e-03
9.1000000000e+00	2.4709712958e-03
9.1100000000e+00	2.4298934832e-03
9.1200000000e+00	2.3886631818e-03
9.1300000000e+00	2.3472854594e-03
9.1400000000e+00	2.3057635524e-03
9.1500000000e+00	2.2640963770e-03
9.1600000000e+00	2.2222760520e-03
9.1700000000e+00	2.1802918086e-03
9.1800000000e+00	2.1381368346e-03
9.1900000000e+00	2.0958080217e-03
9.2000000000e+00	2.0533001766e-03
9.2100000000e+00	2.0106075554e-03
9.2200000000e+00	1.9677289607e-03
9.2300000000e+00	1.9246654349e-03
9.2400000000e+00	1.8814190889e-03
9.2500000000e+00	1.8379970370e-03
9.2600000000e+00	1.7944094841e-03
9.2700000000e+00	1.7506650424e-03
9.2800000000e+00	1.7067687982e-03
9.2900000000e+00	1.6627214773e-03
9.3000000000e+00	1.6185231173e-03
9.3100000000e+00	1.5741750718e-03
9.3200000000e+00	1.5296755898e-03
9.3300000000e+00	1.4850184845e-03
9.3400000000e+00	1.4401964176e-03
9.3500000000e+00	1.3952022115e-03
9.3600000000e+00	1.3500280904e-03
9.3700000000e+00	1.3046685629e-03
9.3800000000e+00	1.2591240031e-03
9.3900000000e+00	1.2133978958e-03
9.4000000000e+00	1.1674932344e-03
9.4100000000e+00	1.1214131060e-03
9.4200000000e+00	1.0751621345e-03
9.4300000000e+00	1.0287473402e-03
9.4400000000e+00	9.8217669819e-04
9.4500000000e+00	9.3545536472e-04
9.4600000000e+00	8.8858519708e-04
9.4700000000e+00	8.4156590016e-04
9.4800000000e+00	7.9439348780e-04
9.4900000000e+00	7.4706122900e-04
9.5000000000e+00	6.9956362158e-04
9.5100000000e+00	6.5189687499e-04
9.5200000000e+00	6.0405628227e-04
9.5300000000e+00	5.5603593655e-04
9.5400000000e+00	5.0783165033e-04
9.5500000000e+00	4.5944295126e-04
9.5600000000e+00	4.1087291977e-04
9.5700000000e+00	3.6212705195e-04
9.5800000000e+00	3.1321162214e-04
9.5900000000e+00	2.6413290261e-04
9.6000000000e+00	2.1489611744e-04
9.6100000000e+00	1.6550404971e-04
9.6200000000e+00	1.1595845093e-04
9.6300000000e+00	6.6261475884e-05
9.6400000000e+00	1.6413144044e-05
9.6500000000e+00	-3.3590804839e-05
9.6600000000e+00	-8.3757145111e-05
9.6700000000e+00	-1.3409266215e-04
9.6800000000e+00	-1.8460298284e-04
9.6900000000e+00	-2.3529203878e-04
9.7000000000e+00	-2.8616174051e-04
9.7100000000e+00	-3.3721206632e-04
9.7200000000e+00	-3.8844167357e-04
9.7300000000e+00	-4.3984836930e-04
9.7400000000e+00	-4.9142855862e-04
9.7500000000e+00	-5.4317618344e-04
9.7600000000e+00	-5.9508388263e-04
9.7700000000e+00	-6.4714637198e-04
9.7800000000e+00	-6.9936164667e-04
9.7900000000e+00	-7.5172970191e-04
9.8000000000e+00	-8.0425208718e-04
9.8100000000e+00	-8.5693188824e-04
9.8200000000e+00	-9.0977298850e-04
9.8300000000e+00	-9.6277968164e-04
9.8400000000e+00	-1.0159568722e-03
9.8500000000e+00	-1.0693098885e-03
9.8600000000e+00	-1.1228431921e-03
9.8700000000e+00	-1.1765583834e-03
9.8800000000e+00	-1.2304535046e-03
9.8900000000e+00	-1.2845246500e-03
9.9000000000e+00	-1.3387677488e-03
9.9100000000e+00	-1.3931786280e-03
9.9200000000e+00	-1.4477527523e-03
9.9300000000e+00	-1.5024859914e-03
9.9400000000e+00	-1.5573751123e-03
9.9500000000e+00	-1.6124178396e-03
9.9600000000e+00	-1.6676140343e-03
9.9700000000e+00	-1.7229679553e-03
9.9800000000e+00	-1.7784910515e-03
9.9900000000e+00	-1.8342007935e-03
1.0000000000e+01	-1.8901086338e-03
1.0010000000e+01	-1.9462125092e-03
1.0020000000e+01	-2.0025101139e-03
1.0030000000e+01	-2.0590045163e-03
1.0040000000e+01	-2.1156945181e-03
1.0050000000e+01	-2.1725760018e-03
1.0060000000e+01	-2.2296436930e-03
1.0070000000e+01	-2.2868878062e-03
1.0080000000e+01	-2.3442960409e-03
1.0090000000e+01	-2.4018577224e-03
1.0100000000e+01	-2.4595693799e-03
1.0110000000e+01	-2.5174365327e-03
1.0120000000e+01	-2.5754669793e-03
1.0130000000e+01	-2.6336636537e-03
1.0140000000e+01	-2.6920277094e-03
1.0150000000e+01	-2.7505661993e-03
1.0160000000e+01	-2.8092896249e-03
1.0170000000e+01	-2.8682057226e-03
1.0180000000e+01	-2.9273208545e-03
1.0190000000e+01	-2.9866386779e-03
1.0200000000e+01	-3.0461542908e-03
1.0210000000e+01	-3.1058574589e-03
1.0220000000e+01	-3.1657397039e-03
1.0230000000e+01	-3.2257962495e-03
1.0240000000e+01	-3.2860245174e-03
1.0250000000e+01	-3.3464191289e-03
1.0260000000e+01	-3.4069715521e-03
1.0270000000e+01	-3.4676771189e-03
1.0280000000e+01	-3.5285376176e-03
1.0290000000e+01	-3.5895585208e-03
1.0300000000e+01	-3.6507480359e-03
1.0310000000e+01	-3.7121168079e-03
1.0320000000e+01	-3.7736729992e-03
1.0330000000e+01	-3.8354186289e-03
1.0340000000e+01	-3.8973542896e-03
1.0350000000e+01	-3.9594832076e-03
1.0360000000e+01	-4.0218083781e-03
1.0370000000e+01	-4.0843285645e-03
1.0380000000e+01	-4.1470367529e-03
1.0390000000e+01	-4.2099225135e-03
1.0400000000e+01	-4.2729768359e-03
1.0410000000e+01	-4.3361934762e-03
1.0420000000e+01	-4.3995687944e-03
1.0430000000e+01	-4.4631034465e-03
1.0440000000e+01	-4.5268004001e-03
1.0450000000e+01	-4.5906608437e-03
1.0460000000e+01	-4.6546858184e-03
1.0470000000e+01	-4.7188809122e-03
1.0480000000e+01	-4.7832560785e-03
1.0490000000e+01	-4.8478206627e-03
1.0500000000e+01	-4.9125799582e-03
1.0510000000e+01	-4.9775348888e-03
1.0520000000e+01	-5.0426830116e-03
1.0530000000e+01	-5.1080202513e-03
1.0540000000e+01	-5.1735419662e-03
1.0550000000e+01	-5.2392437791e-03
1.0560000000e+01	-5.3051217285e-03
1.0570000000e+01	-5.3711698685e-03
1.0580000000e+01	-5.4373799806e-03
1.0590000000e+01	-5.5037466256e-03
1.0600000000e+01	-5.5702706318e-03
1.0610000000e+01	-5.6369569674e-03
1.0620000000e+01	-5.7038116372e-03
1.0630000000e+01	-5.7708404130e-03
1.0640000000e+01	-5.8380483469e-03
1.0650000000e+01	-5.9054396363e-03
1.0660000000e+01	-5.9730181347e-03
1.0670000000e+01	-6.0407878293e-03
1.0680000000e+01	-6.1087518544e-03
1.0690000000e+01	-6.1769099294e-03
1.0700000000e+01	-6.2452565526e-03
1.0710000000e+01	-6.3137831773e-03
1.0720000000e+01	-6.3824827782e-03
1.0730000000e+01	-6.4513511419e-03
1.0740000000e+01	-6.5203852231e-03
1.0750000000e+01	-6.5895827389e-03
1.0760000000e+01	-6.6589425060e-03
1.0770000000e+01	-6.7284643836e-03
1.0780000000e+01	-6.7981501166e-03
1.0790000000e+01	-6.8680046521e-03
1.0800000000e+01	-6.9380357920e-03
1.0810000000e+01	-7.0082514839e-03
1.0820000000e+01	-7.0786565839e-03
1.0830000000e+01	-7.1492521136e-03
1.0840000000e+01	-7.2200373785e-03
1.0850000000e+01	-7.2910116338e-03
1.0860000000e+01	-7.3621733308e-03
1.0870000000e+01	-7.4335190541e-03
1.0880000000e+01	-7.5050437668e-03
1.0890000000e+01	-7.5767411971e-03
1.0900000000e+01	-7.6486046910e-03
1.0910000000e+01	-7.7206296977e-03
1.0920000000e+01	-7.7928157380e-03
1.0930000000e+01	-7.8651656192e-03
1.0940000000e+01	-7.9376830852e-03
1.0950000000e+01	-8.0103713676e-03
1.0960000000e+01	-8.0832337805e-03
1.0970000000e+01	-8.1562749146e-03
1.0980000000e+01	-8.2295002416e-03
1.0990000000e+01	-8.3029144772e-03
1.1000000000e+01	-8.3765202987e-03
1.1010000000e+01	-7.7466591562e-03
1.1020000000e+01	-7.1169858487e-03
1.1030000000e+01	-6.4874948210e-03
1.1040000000e+01	-5.8581809838e-03
1.1050000000e+01	-5.2290407470e-03
1.1060000000e+01	-4.6000709797e-03
1.1070000000e+01	-3.9712681562e-03
1.1080000000e+01	-3.3426290963e-03
1.1090000000e+01	-2.7141525679e-03
1.1100000000e+01	-2.0858402941e-03
1.1110000000e+01	-1.4576965880e-03
1.1120000000e+01	-8.2972717000e-04
1.1130000000e+01	-2.0193382290e-04
1.1140000000e+01	4.2569244060e-04
1.1150000000e+01	1.0531701103e-03
1.1160000000e+01	1.6805646088e-03
1.1170000000e+01	2.3082892997e-03
1.1180000000e+01	2.9378528912e-03
1.1190000000e+01	3.5719364243e-03
1.1200000000e+01	4.2120438698e-03
1.1210000000e+01	4.8566175160e-03
1.1220000000e+01	5.5037962563e-03
1.1230000000e+01	6.1533743940e-03
1.1240000000e+01	6.8047191750e-03
1.1250000000e+01	7.4567364200e-03
1.1260000000e+01	8.1086800440e-03
1.1270000000e+01	8.7593129430e-03
1.1280000000e+01	9.4069640780e-03
1.1290000000e+01	1.0049983607e-02
1.1300000000e+01	1.0687380970e-02
1.1310000000e+01	1.1319127037e-02
1.1320000000e+01	1.1944652125e-02
1.1330000000e+01	1.2561454655e-02
1.1340000000e+01	1.3166054408e-02
1.1350000000e+01	1.3755678301e-02
1.1360000000e+01	1.4328367124e-02
1.1370000000e+01	1.4882259242e-02
1.1380000000e+01	1.5415383229e-02
1.1390000000e+01	1.5925668825e-02
1.1400000000e+01	1.6411094271e-02
1.1410000000e+01	1.6869911895e-02
1.1420000000e+01	1.7300351441e-02
1.1430000000e+01	1.7700287278e-02
1.1440000000e+01	1.8067637147e-02
1.1450000000e+01	1.8401806427e-02
1.1460000000e+01	1.8708250637e-02
1.1470000000e+01	1.8999796087e-02
1.1480000000e+01	1.9286159400e-02
1.1490000000e+01	1.9569437070e-02
1.1500000000e+01	1.9852960513e-02
1.1510000000e+01	2.0142066519e-02
1.1520000000e+01	2.0440015237e-02
1.1530000000e+01	2.0750081952e-02
1.1540000000e+01	2.1075897052e-02
1.1550000000e+01	2.1419975677e-02
1.1560000000e+01	2.1784492840e-02
1.1570000000e+01	2.2171646172e-02
1.1580000000e+01	2.2583671409e-02
1.1590000000e+01	2.3023740267e-02
1.1600000000e+01	2.3496062716e-02
1.1610000000e+01	2.4004609239e-02
1.1620000000e+01	2.4552365369e-02
1.1630000000e+01	2.5142383712e-02
1.1640000000e+01	2.5778832512e-02
1.1650000000e+01	2.6466495240e-02
1.1660000000e+01	2.7209845823e-02
1.1670000000e+01	2.8012883031e-02
1.1680000000e+01	2.8879426708e-02
1.1690000000e+01	2.9813282442e-02
1.1700000000e+01	3.0818240055e-02
1.1710000000e+01	3.1898031272e-02
1.1720000000e+01	3.3056198044e-02
1.1730000000e+01	3.4295099380e-02
1.1740000000e+01	3.5603790636e-02
1.1750000000e+01	3.6950579732e-02
1.1760000000e+01	3.8305861905e-02
1.1770000000e+01	3.9660883008e-02
1.1780000000e+01	4.1014228188e-02
1.1790000000e+01	4.2356840810e-02
1.1800000000e+01	4.3676803980e-02
1.1810000000e+01	4.4965567455e-02
1.1820000000e+01	4.6216445227e-02
1.1830000000e+01	4.7422575484e-02
1.1840000000e+01	4.8576200528e-02
1.1850000000e+01	4.9669028515e-02
1.1860000000e+01	5.0692264500e-02
1.1870000000e+01	5.1636085522e-02
1.1880000000e+01	5.2490756420e-02
1.1890000000e+01	5.3248912508e-02
1.1900000000e+01	5.3905399357e-02
1.1910000000e+01	5.4455905943e-02
1.1920000000e+01	5.4896578291e-02
1.1930000000e+01	5.5223986056e-02
1.1940000000e+01	5.5435102014e-02
1.1950000000e+01	5.5527240796e-02
1.1960000000e+01	5.5497945710e-02
1.1970000000e+01	5.5344846758e-02
1.1980000000e+01	5.5065532321e-02
1.1990000000e+01	5.4657478906e-02
1.2000000000e+01	5.4118176412e-02
1.2010000000e+01	5.3447146256e-02
1.2020000000e+01	5.2661276495e-02
1.2030000000e+01	5.1801343650e-02
1.2040000000e+01	5.0906367135e-02
1.2050000000e+01	4.9998703325e-02
1.2060000000e+01	4.9093015694e-02
1.2070000000e+01	4.8202980255e-02
1.2080000000e+01	4.7342899480e-02
1.2090000000e+01	4.6527433753e-02
1.2100000000e+01	4.5770985559e-02
1.2110000000e+01	4.5087353107e-02
1.2120000000e+01	4.4489752994e-02
1.2130000000e+01	4.3991085168e-02
1.2140000000e+01	4.3604236420e-02
1.2150000000e+01	4.3342295212e-02
1.2160000000e+01	4.3218660981e-02
1.2170000000e+01	4.3246627771e-02
1.2180000000e+01	4.3437008248e-02
1.2190000000e+01	4.3796393614e-02
1.2200000000e+01	4.4329057013e-02
1.2210000000e+01	4.5038723274e-02
1.2220000000e+01	4.5928648946e-02
1.2230000000e+01	4.7001654888e-02
1.2240000000e+01	4.8260138816e-02
1.2250000000e+01	4.9706082902e-02
1.2260000000e+01	5.1341057269e-02
1.2270000000e+01	5.3166215690e-02
1.2280000000e+01	5.5182293796e-02
1.2290000000e+01	5.7389568021e-02
1.2300000000e+01	5.9787292507e-02
1.2310000000e+01	6.2370604106e-02
1.2320000000e+01	6.5115854991e-02
1.2330000000e+01	6.7976672299e-02
1.2340000000e+01	7.0908712174e-02
1.2350000000e+01	7.3881748747e-02
1.2360000000e+01	7.6871465436e-02
1.2370000000e+01	7.9854894950e-02
1.2380000000e+01	8.2809470195e-02
1.2390000000e+01	8.5713106821e-02
1.2400000000e+01	8.8544537926e-02
1.2410000000e+01	9.1283534983e-02
1.2420000000e+01	9.3910932656e-02
1.2430000000e+01	9.6408536908e-02
1.2440000000e+01	9.8758981905e-02
1.2450000000e+01	1.0094556754e-01
1.2460000000e+01	1.0295210019e-01
1.2470000000e+01	1.0476275009e-01
1.2480000000e+01	1.0636193395e-01
1.2490000000e+01	1.0773436993e-01
1.2500000000e+01	1.0886666296e-01
1.2510000000e+01	1.0975086070e-01
1.2520000000e+01	1.1038520811e-01
1.2530000000e+01	1.1077072865e-01
1.2540000000e+01	1.1090905096e-01
1.2550000000e+01	1.1080228404e-01
1.2560000000e+01	1.1045293910e-01
1.2570000000e+01	1.0986388009e-01
1.2580000000e+01	1.0903829504e-01
1.2590000000e+01	1.0797969809e-01
1.2600000000e+01	1.0669201220e-01
1.2610000000e+01	1.0517992162e-01
1.2620000000e+01	1.0345006853e-01
1.2630000000e+01	1.0151374592e-01
1.2640000000e+01	9.9394190815e-02
1.2650000000e+01	9.7131076806e-02
1.2660000000e+01	9.4767864329e-02
1.2670000000e+01	9.2337678540e-02
1.2680000000e+01	8.9865343721e-02
1.2690000000e+01	8.7372995964e-02
1.2700000000e+01	8.4881469419e-02
1.2710000000e+01	8.2410705134e-02
1.2720000000e+01	7.9979909440e-02
1.2730000000e+01	7.7607652003e-02
1.2740000000e+01	7.5311959008e-02
1.2750000000e+01	7.3110414658e-02
1.2760000000e+01	7.1020270015e-02
1.2770000000e+01	6.9058553804e-02
1.2780000000e+01	6.7242178986e-02
1.2790000000e+01	6.5588038972e-02
1.2800000000e+01	6.4113087535e-02
1.2810000000e+01	6.2834396357e-02
1.2820000000e+01	6.1769181699e-02
1.2830000000e+01	6.0934772368e-02
1.2840000000e+01	6.0348399139e-02
1.2850000000e+01	6.0026454476e-02
1.2860000000e+01	5.9982806529e-02
1.2870000000e+01	6.0227043965e-02
1.2880000000e+01	6.0761104011e-02
1.2890000000e+01	6.1577700022e-02
1.2900000000e+01	6.2665721270e-02
1.2910000000e+01	6.4014691294e-02
1.2920000000e+01	6.5614883881e-02
1.2930000000e+01	6.7457099449e-02
1.2940000000e+01	6.9532331599e-02
1.2950000000e+01	7.1831312910e-02
1.2960000000e+01	7.4344145696e-02
1.2970000000e+01	7.7059190604e-02
1.2980000000e+01	7.9961706109e-02
1.2990000000e+01	8.3031948055e-02
1.3000000000e+01	8.6241324374e-02
1.3010000000e+01	8.9557450392e-02
1.3020000000e+01	9.2955962992e-02
1.3030000000e+01	9.6420871542e-02
1.3040000000e+01	9.9939323924e-02
1.3050000000e+01	1.0350005406e-01
1.3060000000e+01	1.0709278027e-01
1.3070000000e+01	1.1070787484e-01
1.3080000000e+01	1.1433613938e-01
1.3090000000e+01	1.1796863607e-01
1.3100000000e+01	1.2159655724e-01
1.3110000000e+01	1.2521112693e-01
1.3120000000e+01	1.2880353282e-01
1.3130000000e+01	1.3236485092e-01
1.3140000000e+01	1.3588589150e-01
1.3150000000e+01	1.3935701425e-01
1.3160000000e+01	1.4276807200e-01
1.3170000000e+01	1.4610851734e-01
1.3180000000e+01	1.4936758603e-01
1.3190000000e+01	1.5253451092e-01
1.3200000000e+01	1.5559876953e-01
1.3210000000e+01	1.5855036720e-01
1.3220000000e+01	1.6138012964e-01
1.3230000000e+01	1.6407996567e-01
1.3240000000e+01	1.6664307825e-01
1.3250000000e+01	1.6906413309e-01
1.3260000000e+01	1.7133947505e-01
1.3270000000e+01	1.7346740810e-01
1.3280000000e+01	1.7544834639e-01
1.3290000000e+01	1.7728473477e-01
1.3300000000e+01	1.7898083257e-01
1.3310000000e+01	1.8054273011e-01
1.3320000000e+01	1.8197907192e-01
1.3330000000e+01	1.8330134128e-01
1.3340000000e+01	1.8452257759e-01
1.3350000000e+01	1.8565802413e-01
1.3360000000e+01	1.8672844819e-01
1.3370000000e+01	1.8775609867e-01
1.3380000000e+01	1.8875605960e-01
1.3390000000e+01	1.8973665778e-01
1.3400000000e+01	1.9070383567e-01
1.3410000000e+01	1.9166254843e-01
1.3420000000e+01	1.9261724461e-01
1.3430000000e+01	1.9357205423e-01
1.3440000000e+01	1.9453085885e-01
1.3450000000e+01	1.9549728681e-01
1.3460000000e+01	1.9647467094e-01
1.3470000000e+01	1.9746600413e-01
1.3480000000e+01	1.9847390903e-01
1.3490000000e+01	1.9950062186e-01
1.3500000000e+01	2.0054798643e-01
1.3510000000e+01	2.0161744470e-01
1.3520000000e+01	2.0270996529e-01
1.3530000000e+01	2.0382590961e-01
1.3540000000e+01	2.0496498704e-01
1.3550000000e+01	2.0612636773e-01
1.3560000000e+01	2.0730884261e-01
1.3570000000e+01	2.0851094138e-01
1.3580000000e+01	2.0973091082e-01
1.3590000000e+01	2.1096612729e-01
1.3600000000e+01	2.1221270652e-01
1.3610000000e+01	2.1346473469e-01
1.3620000000e+01	2.1471199787e-01
1.3630000000e+01	2.1594243758e-01
1.3640000000e+01	2.1714821242e-01
1.3650000000e+01	2.1832615496e-01
1.3660000000e+01	2.1947511994e-01
1.3670000000e+01	2.2059416687e-01
1.3680000000e+01	2.2168131871e-01
1.3690000000e+01	2.2273337425e-01
1.3700000000e+01	2.2374613520e-01
1.3710000000e+01	2.2471465394e-01
1.3720000000e+01	2.2563351007e-01
1.3730000000e+01	2.2649710197e-01
1.3740000000e+01	2.2729992116e-01
1.3750000000e+01	2.2803678675e-01
1.3760000000e+01	2.2870304470e-01
1.3770000000e+01	2.2929479226e-01
1.3780000000e+01	2.2980913131e-01
1.3790000000e+01	2.3024431902e-01
1.3800000000e+01	2.3059975484e-01
1.3810000000e+01	2.3087587176e-01
1.3820000000e+01	2.3107406311e-01
1.3830000000e+01	2.3119708679e-01
1.3840000000e+01	2.3124953257e-01
1.3850000000e+01	2.3123726726e-01
1.3860000000e+01	2.3116801190e-01
1.3870000000e+01	2.3105363768e-01
1.3880000000e+01	2.3090727142e-01
1.3890000000e+01	2.3073723059e-01
1.3900000000e+01	2.3054716562e-01
1.3910000000e+01	2.3033912052e-01
1.3920000000e+01	2.3011468712e-01
1.3930000000e+01	2.2987542964e-01
1.3940000000e+01	2.2962306394e-01
1.3950000000e+01	2.2935953400e-01
1.3960000000e+01	2.2908703872e-01
1.3970000000e+01	2.2880803132e-01
1.3980000000e+01	2.2852520087e-01
1.3990000000e+01	2.2824144042e-01
1.4000000000e+01	2.2795980612e-01
1.4010000000e+01	2.2768347232e-01
1.4020000000e+01	2.2741568496e-01
1.4030000000e+01	2.2715970817e-01
1.4040000000e+01	2.2691876023e-01
1.4050000000e+01	2.2669594951e-01
1.4060000000e+01	2.2649422400e-01
1.4070000000e+01	2.2631633940e-01
1.4080000000e+01	2.2616484380e-01
1.4090000000e+01	2.2604207524e-01
1.4100000000e+01	2.2595015725e-01
1.4110000000e+01	2.2589094781e-01
1.4120000000e+01	2.2586595067e-01
1.4130000000e+01	2.2587624672e-01
1.4140000000e+01	2.2592240481e-01
1.4150000000e+01	2.2600436465e-01
1.4160000000e+01	2.2612136687e-01
1.4170000000e+01	2.2627160756e-01
1.4180000000e+01	2.2645008993e-01
1.4190000000e+01	2.2664634017e-01
1.4200000000e+01	2.2684919598e-01
1.4210000000e+01	2.2705326373e-01
1.4220000000e+01	2.2725679796e-01
1.4230000000e+01	2.2745809777e-01
1.4240000000e+01	2.2765530488e-01
1.4250000000e+01	2.2784654161e-01
1.4260000000e+01	2.2803001613e-01
1.4270000000e+01	2.2820410394e-01
1.4280000000e+01	2.2836752924e-01
1.4290000000e+01	2.2851984550e-01
1.4300000000e+01	2.2866179920e-01
1.4310000000e+01	2.2879500430e-01
1.4320000000e+01	2.2892134827e-01
1.4330000000e+01	2.2904418223e-01
1.4340000000e+01	2.2916974843e-01
1.4350000000e+01	2.2930436824e-01
1.4360000000e+01	2.2945099996e-01
1.4370000000e+01	2.2960963554e-01
1.4380000000e+01	2.2977890030e-01
1.4390000000e+01	2.2995685561e-01
1.4400000000e+01	2.3014130952e-01
1.4410000000e+01	2.3033013801e-01
1.4420000000e+01	2.3052171039e-01
1.4430000000e+01	2.3071502746e-01
1.4440000000e+01	2.3090964484e-01
1.4450000000e+01	2.3110560927e-01
1.4460000000e+01	2.3130340389e-01
1.4470000000e+01	2.3150389940e-01
1.4480000000e+01	2.3170830931e-01
1.4490000000e+01	2.3191814785e-01
1.4500000000e+01	2.3213518885e-01
1.4510000000e+01	2.3236142409e-01
1.4520000000e+01	2.3259902089e-01
1.4530000000e+01	2.3285027683e-01
1.4540000000e+01	2.3311756612e-01
1.4550000000e+01	2.3340328082e-01
1.4560000000e+01	2.3370978027e-01
1.4570000000e+01	2.3403935779e-01
1.4580000000e+01	2.3439422438e-01
1.4590000000e+01	2.3477649507e-01
1.4600000000e+01	2.3518813840e-01
1.4610000000e+01	2.3563089304e-01
1.4620000000e+01	2.3610623228e-01
1.4630000000e+01	2.3661536831e-01
1.4640000000e+01	2.3715917965e-01
1.4650000000e+01	2.3773798971e-01
1.4660000000e+01	2.3835111545e-01
1.4670000000e+01	2.3899509102e-01
1.4680000000e+01	2.3966378345e-01
1.4690000000e+01	2.4035227290e-01
1.4700000000e+01	2.4105791368e-01
1.4710000000e+01	2.4177847972e-01
1.4720000000e+01	2.4251157903e-01
1.4730000000e+01	2.4325471950e-01
1.4740000000e+01	2.4400534918e-01
1.4750000000e+01	2.4476088380e-01
1.4760000000e+01	2.4551872920e-01
1.4770000000e+01	2.4627630448e-01
1.4780000000e+01	2.4703107276e-01
1.4790000000e+01	2.4778058061e-01
1.4800000000e+01	2.4852249512e-01
1.4810000000e+01	2.4925464565e-01
1.4820000000e+01	2.4997510179e-01
1.4830000000e+01	2.5068229335e-01
1.4840000000e+01	2.5137534685e-01
1.4850000000e+01	2.5205447830e-01
1.4860000000e+01	2.5272080623e-01
1.4870000000e+01	2.5337689228e-01
1.4880000000e+01	2.5402830846e-01
1.4890000000e+01	2.5468179832e-01
1.4900000000e+01	2.5534074548e-01
1.4910000000e+01	2.5600463140e-01
1.4920000000e+01	2.5667184831e-01
1.4930000000e+01	2.5734123599e-01
1.4940000000e+01	2.5801219242e-01
1.4950000000e+01	2.5868458936e-01
1.4960000000e+01	2.5935870791e-01
1.4970000000e+01	2.6003518262e-01
1.4980000000e+01	2.6071494093e-01
1.4990000000e+01	2.6139915235e-01
1.5000000000e+01	2.6208920638e-01
1.5010000000e+01	2.6251340582e-01
1.5020000000e+01	2.6294684184e-01
1.5030000000e+01	2.6339148228e-01
1.5040000000e+01	2.6384943978e-01
1.5050000000e+01	2.6432293195e-01
1.5060000000e+01	2.6481423484e-01
1.5070000000e+01	2.6532564249e-01
1.5080000000e+01	2.6585944087e-01
1.5090000000e+01	2.6641789431e-01
1.5100000000e+01	2.6700321905e-01
1.5110000000e+01	2.6761751664e-01
1.5120000000e+01	2.6826270795e-01
1.5130000000e+01	2.6894049162e-01
1.5140000000e+01	2.6965224469e-01
1.5150000000e+01	2.7039875920e-01
1.5160000000e+01	2.7117978697e-01
1.5170000000e+01	2.7199353658e-01
1.5180000000e+01	2.7283683664e-01
1.5190000000e+01	2.7370630105e-01
1.5200000000e+01	2.7459907143e-01
1.5210000000e+01	2.7551248956e-01
1.5220000000e+01	2.7644382132e-01
1.5230000000e+01	2.7739029174e-01
1.5240000000e+01	2.7834910165e-01
1.5250000000e+01	2.7931743484e-01
1.5260000000e+01	2.8029246003e-01
1.5270000000e+01	2.8127133007e-01
1.5280000000e+01	2.8225117975e-01
1.5290000000e+01	2.8322912360e-01
1.5300000000e+01	2.8420225508e-01
1.5310000000e+01	2.8516764925e-01
1.5320000000e+01	2.8612237259e-01
1.5330000000e+01	2.8706350584e-01
1.5340000000e+01	2.8798817953e-01
1.5350000000e+01	2.8889361039e-01
1.5360000000e+01	2.8977714711e-01
1.5370000000e+01	2.9063635170e-01
1.5380000000e+01	2.9146912584e-01
1.5390000000e+01	2.9227410898e-01
1.5400000000e+01	2.9305128857e-01
1.5410000000e+01	2.9380303260e-01
1.5420000000e+01	2.9453554640e-01
1.5430000000e+01	2.9525675941e-01
1.5440000000e+01	2.9597120204e-01
1.5450000000e+01	2.9667952506e-01
1.5460000000e+01	2.9738160693e-01
1.5470000000e+01	2.9807779170e-01
1.5480000000e+01	2.9876880098e-01
1.5490000000e+01	2.9945567023e-01
1.5500000000e+01	3.0013970261e-01
1.5510000000e+01	3.0082243477e-01
1.5520000000e+01	3.0150561042e-01
1.5530000000e+01	3.0219115799e-01
1.5540000000e+01	3.0288116823e-01
1.5550000000e+01	3.0357786526e-01
1.5560000000e+01	3.0428356628e-01
1.5570000000e+01	3.0500063636e-01
1.5580000000e+01	3.0573144262e-01
1.5590000000e+01	3.0647828221e-01
1.5600000000e+01	3.0724329337e-01
1.5610000000e+01	3.0802842015e-01
1.5620000000e+01	3.0883530642e-01
1.5630000000e+01	3.0966494673e-01
1.5640000000e+01	3.1051745361e-01
1.5650000000e+01	3.1139210287e-01
1.5660000000e+01	3.1228641573e-01
1.5670000000e+01	3.1319691619e-01
1.5680000000e+01	3.1412187205e-01
1.5690000000e+01	3.1506076788e-01
1.5700000000e+01	3.1601278203e-01
1.5710000000e+01	3.1697683839e-01
1.5720000000e+01	3.1795164527e-01
1.5730000000e+01	3.1893572435e-01
1.5740000000e+01	3.1992743178e-01
1.5750000000e+01	3.2092497339e-01
1.5760000000e+01	3.2192641529e-01
1.5770000000e+01	3.2292969120e-01
1.5780000000e+01	3.2393260763e-01
1.5790000000e+01	3.2493284773e-01
1.5800000000e+01	3.2592797466e-01
1.5810000000e+01	3.2691543534e-01
1.5820000000e+01	3.2789256535e-01
1.5830000000e+01	3.2885659636e-01
1.5840000000e+01	3.2980466806e-01
1.5850000000e+01	3.3073384946e-01
1.5860000000e+01	3.3164117103e-01
1.5870000000e+01	3.3252365904e-01
1.5880000000e+01	3.3337839971e-01
1.5890000000e+01	3.3420272182e-01
1.5900000000e+01	3.3499447800e-01
1.5910000000e+01	3.3575223835e-01
1.5920000000e+01	3.3647539041e-01
1.5930000000e+01	3.3716504111e-01
1.5940000000e+01	3.3782618837e-01
1.5950000000e+01	3.3846682268e-01
1.5960000000e+01	3.3909319101e-01
1.5970000000e+01	3.3970792070e-01
1.5980000000e+01	3.4031173133e-01
1.5990000000e+01	3.4090515520e-01
1.6000000000e+01	3.4148913530e-01
1.6010000000e+01	3.4206494208e-01
1.6020000000e+01	3.4263411472e-01
1.6030000000e+01	3.4319841769e-01
1.6040000000e+01	3.4375980327e-01
1.6050000000e+01	3.4432036988e-01
1.6060000000e+01	3.4488231069e-01
1.6070000000e+01	3.4544783854e-01
1.6080000000e+01	3.4601908189e-01
1.6090000000e+01	3.4659791809e-01
1.6100000000e+01	3.4718564365e-01
1.6110000000e+01	3.4778279148e-01
1.6120000000e+01	3.4838947025e-01
1.6130000000e+01	3.4900456221e-01
1.6140000000e+01	3.4962421449e-01
1.6150000000e+01	3.5024480177e-01
1.6160000000e+01	3.5086649329e-01
1.6170000000e+01	3.5149114084e-01
1.6180000000e+01	3.5212001479e-01
1.6190000000e+01	3.5275389119e-01
1.6200000000e+01	3.5339312284e-01
1.6210000000e+01	3.5403769613e-01
1.6220000000e+01	3.5468727619e-01
1.6230000000e+01	3.5534124258e-01
1.6240000000e+01	3.5599871757e-01
1.6250000000e+01	3.5665858854e-01
1.6260000000e+01	3.5731952603e-01
1.6270000000e+01	3.5797999848e-01
1.6280000000e+01	3.5863828453e-01
1.6290000000e+01	3.5929248396e-01
1.6300000000e+01	3.5994052786e-01
1.6310000000e+01	3.6058018929e-01
1.6320000000e+01	3.6120909643e-01
1.6330000000e+01	3.6182475252e-01
1.6340000000e+01	3.6242456680e-01
1.6350000000e+01	3.6300589097e-01
1.6360000000e+01	3.6356604992e-01
1.6370000000e+01	3.6410236908e-01
1.6380000000e+01	3.6461226224e-01
1.6390000000e+01	3.6509344815e-01
1.6400000000e+01	3.6554419930e-01
1.6410000000e+01	3.6596364290e-01
1.6420000000e+01	3.6635379122e-01
1.6430000000e+01	3.6672066605e-01
1.6440000000e+01	3.6707066825e-01
1.6450000000e+01	3.6740759527e-01
1.6460000000e+01	3.6773332226e-01
1.6470000000e+01	3.6804871031e-01
1.6480000000e+01	3.6835398522e-01
1.6490000000e+01	3.6864931547e-01
1.6500000000e+01	3.6893521701e-01
1.6510000000e+01	3.6921256345e-01
1.6520000000e+01	3.6948253349e-01
1.6530000000e+01	3.6974657090e-01
1.6540000000e+01	3.7000635197e-01
1.6550000000e+01	3.7026375390e-01
1.6560000000e+01	3.7052081665e-01
1.6570000000e+01	3.7077969618e-01
1.6580000000e+01	3.7104259788e-01
1.6590000000e+01	3.7131168495e-01
1.6600000000e+01	3.7158891342e-01
1.6610000000e+01	3.7187571362e-01
1.6620000000e+01	3.7217283826e-01
1.6630000000e+01	3.7247971397e-01
1.6640000000e+01	3.7279277112e-01
1.6650000000e+01	3.7310711003e-01
1.6660000000e+01	3.7342103553e-01
1.6670000000e+01	3.7373608092e-01
1.6680000000e+01	3.7405413108e-01
1.6690000000e+01	3.7437647210e-01
1.6700000000e+01	3.7470388517e-01
1.6710000000e+01	3.7503672138e-01
1.6720000000e+01	3.7537496074e-01
1.6730000000e+01	3.7571825894e-01
1.6740000000e+01	3.7606598448e-01
1.6750000000e+01	3.7641724858e-01
1.6760000000e+01	3.7677092995e-01
1.6770000000e+01	3.7712569681e-01
1.6780000000e+01	3.7748003044e-01
1.6790000000e+01	3.7783225652e-01
1.6800000000e+01	3.7818058512e-01
1.6810000000e+01	3.7852315139e-01
1.6820000000e+01	3.7885806549e-01
1.6830000000e+01	3.7918348396e-01
1.6840000000e+01	3.7949766803e-01
1.6850000000e+01	3.7979904318e-01
1.6860000000e+01	3.8008642741e-01
1.6870000000e+01	3.8035989089e-01
1.6880000000e+01	3.8062220398e-01
1.6890000000e+01	3.8087786887e-01
1.6900000000e+01	3.8112979649e-01
1.6910000000e+01	3.8137850306e-01
1.6920000000e+01	3.8162342394e-01
1.6930000000e+01	3.8186368725e-01
1.6940000000e+01	3.8209841373e-01
1.6950000000e+01	3.8232671438e-01
1.6960000000e+01	3.8254773240e-01
1.6970000000e+01	3.8276089996e-01
1.6980000000e+01	3.8296605944e-01
1.6990000000e+01	3.8316341302e-01
1.7000000000e+01	3.8335348350e-01
1.7010000000e+01	3.8353708341e-01
1.7020000000e+01	3.8371529005e-01
1.7030000000e+01	3.8388942449e-01
1.7040000000e+01	3.8406103219e-01
1.7050000000e+01	3.8423186114e-01
1.7060000000e+01	3.8440383169e-01
1.7070000000e+01	3.8457899899e-01
1.7080000000e+01	3.8475951046e-01
1.7090000000e+01	3.8494754408e-01
1.7100000000e+01	3.8514523541e-01
1.7110000000e+01	3.8535456285e-01
1.7120000000e+01	3.8557707879e-01
1.7130000000e+01	3.8581371016e-01
1.7140000000e+01	3.8606304589e-01
1.7150000000e+01	3.8632007291e-01
1.7160000000e+01	3.8658055306e-01
1.7170000000e+01	3.8684456416e-01
1.7180000000e+01	3.8711391976e-01
1.7190000000e+01	3.8738992708e-01
1.7200000000e+01	3.8767337332e-01
1.7210000000e+01	3.8796460876e-01
1.7220000000e+01	3.8826361151e-01
1.7230000000e+01	3.8857003808e-01
1.7240000000e+01	3.8888326342e-01
1.7250000000e+01	3.8920241376e-01
1.7260000000e+01	3.8952639732e-01
1.7270000000e+01	3.8985393961e-01
1.7280000000e+01	3.9018362653e-01
1.7290000000e+01	3.9051395600e-01
1.7300000000e+01	3.9084341077e-01
1.7310000000e+01	3.9117054043e-01
1.7320000000e+01	3.9149405795e-01
1.7330000000e+01	3.9181307850e-01
1.7340000000e+01	3.9212731494e-01
1.7350000000e+01	3.9243778282e-01
1.7360000000e+01	3.9274772150e-01
1.7370000000e+01	3.9306091700e-01
1.7380000000e+01	3.9337890929e-01
1.7390000000e+01	3.9370094075e-01
1.7400000000e+01	3.9402533845e-01
1.7410000000e+01	3.9435028827e-01
1.7420000000e+01	3.9467407308e-01
1.7430000000e+01	3.9499503450e-01
1.7440000000e+01	3.9531163655e-01
1.7450000000e+01	3.9562269360e-01
1.7460000000e+01	3.9592745392e-01
1.7470000000e+01	3.9622554879e-01
1.7480000000e+01	3.9651695202e-01
1.7490000000e+01	3.9680194750e-01
1.7500000000e+01	3.9708110198e-01
1.7510000000e+01	3.9735524206e-01
1.7520000000e+01	3.9762543461e-01
1.7530000000e+01	3.9789296757e-01
1.7540000000e+01	3.9815933202e-01
1.7550000000e+01	3.9842620822e-01
1.7560000000e+01	3.9869544780e-01
1.7570000000e+01	3.9896904653e-01
1.7580000000e+01	3.9924911477e-01
1.7590000000e+01	3.9953784197e-01
1.7600000000e+01	3.9983744096e-01
1.7610000000e+01	4.0015009473e-01
1.7620000000e+01	4.0047785977e-01
1.7630000000e+01	4.0082237550e-01
1.7640000000e+01	4.0118437527e-01
1.7650000000e+01	4.0156166100e-01
1.7660000000e+01	4.0194937862e-01
1.7670000000e+01	4.0234490236e-01
1.7680000000e+01	4.0274888102e-01
1.7690000000e+01	4.0316241641e-01
1.7700000000e+01	4.0358610383e-01
1.7710000000e+01	4.0402011890e-01
1.7720000000e+01	4.0446428404e-01
1.7730000000e+01	4.0491811908e-01
1.7740000000e+01	4.0538088009e-01
1.7750000000e+01	4.0585158942e-01
1.7760000000e+01	4.0632906010e-01
1.7770000000e+01	4.0681191802e-01
1.7780000000e+01	4.0729862884e-01
1.7790000000e+01	4.0778753403e-01
1.7800000000e+01	4.0827690176e-01
1.7810000000e+01	4.0876500430e-01
1.7820000000e+01	4.0925020504e-01
1.7830000000e+01	4.0973113976e-01
1.7840000000e+01	4.1020700066e-01
1.7850000000e+01	4.1067754910e-01
1.7860000000e+01	4.1114407446e-01
1.7870000000e+01	4.1161009505e-01
1.7880000000e+01	4.1207881811e-01
1.7890000000e+01	4.1255096528e-01
1.7900000000e+01	4.1302553897e-01
1.7910000000e+01	4.1350093904e-01
1.7920000000e+01	4.1397530850e-01
1.7930000000e+01	4.1444673584e-01
1.7940000000e+01	4.1491363460e-01
1.7950000000e+01	4.1537490204e-01
1.7960000000e+01	4.1582985451e-01
1.7970000000e+01	4.1627817739e-01
1.7980000000e+01	4.1671988593e-01
1.7990000000e+01	4.1715529335e-01
1.8000000000e+01	4.1758498321e-01
1.8010000000e+01	4.1800978383e-01
1.8020000000e+01	4.1843074031e-01
1.8030000000e+01	4.1884908849e-01
1.8040000000e+01	4.1926623791e-01
1.8050000000e+01	4.1968375393e-01
1.8060000000e+01	4.2010333322e-01
1.8070000000e+01	4.2052677186e-01
1.8080000000e+01	4.2095591327e-01
1.8090000000e+01	4.2139259374e-01
1.8100000000e+01	4.2183857737e-01
1.8110000000e+01	4.2229534780e-01
1.8120000000e+01	4.2276392297e-01
1.8130000000e+01	4.2324415735e-01
1.8140000000e+01	4.2373310232e-01
1.8150000000e+01	4.2422723762e-01
1.8160000000e+01	4.2472655436e-01
1.8170000000e+01	4.2523295663e-01
1.8180000000e+01	4.2574779803e-01
1.8190000000e+01	4.2627194728e-01
1.8200000000e+01	4.2680586316e-01
1.8210000000e+01	4.2734965308e-01
1.8220000000e+01	4.2790311852e-01
1.8230000000e+01	4.2846579030e-01
1.8240000000e+01	4.2903695610e-01
1.8250000000e+01	4.2961568229e-01
1.8260000000e+01	4.3020083146e-01
1.8270000000e+01	4.3079107706e-01
1.8280000000e+01	4.3138491760e-01
1.8290000000e+01	4.3198069533e-01
1.8300000000e+01	4.3257662473e-01
1.8310000000e+01	4.3317083261e-01
1.8320000000e+01	4.3376142160e-01
1.8330000000e+01	4.3434655078e-01
1.8340000000e+01	4.3492455865e-01
1.8350000000e+01	4.3549422385e-01
1.8360000000e+01	4.3605492294e-01
1.8370000000e+01	4.3660762066e-01
1.8380000000e+01	4.3715561374e-01
1.8390000000e+01	4.3770221608e-01
1.8400000000e+01	4.3824853909e-01
1.8410000000e+01	4.3879404160e-01
1.8420000000e+01	4.3933748782e-01
1.8430000000e+01	4.3987729405e-01
1.8440000000e+01	4.4041188956e-01
1.8450000000e+01	4.4094007830e-01
1.8460000000e+01	4.4146111544e-01
1.8470000000e+01	4.4197464696e-01
1.8480000000e+01	4.4248066307e-01
1.8490000000e+01	4.4297946213e-01
1.8500000000e+01	4.4347162200e-01
1.8510000000e+01	4.4395797621e-01
1.8520000000e+01	4.4443959053e-01
1.8530000000e+01	4.4491773307e-01
1.8540000000e+01	4.4539383464e-01
1.8550000000e+01	4.4586943840e-01
1.8560000000e+01	4.4634613368e-01
1.8570000000e+01	4.4682549109e-01
1.8580000000e+01	4.4730899028e-01
1.8590000000e+01	4.4779781123e-01
1.8600000000e+01	4.4829265376e-01
1.8610000000e+01	4.4879391366e-01
1.8620000000e+01	4.4930040828e-01
1.8630000000e+01	4.4980868802e-01
1.8640000000e+01	4.5031678672e-01
1.8650000000e+01	4.5082622222e-01
1.8660000000e+01	4.5133944621e-01
1.8670000000e+01	4.5185831248e-01
1.8680000000e+01	4.5238416491e-01
1.8690000000e+01	4.5291790977e-01
1.8700000000e+01	4.5346007343e-01
1.8710000000e+01	4.5401084823e-01
1.8720000000e+01	4.5457012887e-01
1.8730000000e+01	4.5513754136e-01
1.8740000000e+01	4.5571246632e-01
1.8750000000e+01	4.5629405782e-01
1.8760000000e+01	4.5688125880e-01
1.8770000000e+01	4.5747281392e-01
1.8780000000e+01	4.5806728092e-01
1.8790000000e+01	4.5866304233e-01
1.8800000000e+01	4.5925832233e-01
1.8810000000e+01	4.5985121307e-01
1.8820000000e+01	4.6043970766e-01
1.8830000000e+01	4.6102174489e-01
1.8840000000e+01	4.6159527525e-01
1.8850000000e+01	4.6215832134e-01
1.8860000000e+01	4.6270910899e-01
1.8870000000e+01	4.6324632953e-01
1.8880000000e+01	4.6377025138e-01
1.8890000000e+01	4.6428379574e-01
1.8900000000e+01	4.6479072526e-01
1.8910000000e+01	4.6529300317e-01
1.8920000000e+01	4.6579077548e-01
1.8930000000e+01	4.6628346170e-01
1.8940000000e+01	4.6677022429e-01
1.8950000000e+01	4.6725008794e-01
1.8960000000e+01	4.6772216798e-01
1.8970000000e+01	4.6818592764e-01
1.8980000000e+01	4.6864122452e-01
1.8990000000e+01	4.6908826098e-01
1.9000000000e+01	4.6952754588e-01
1.9010000000e+01	4.6995986417e-01
1.9020000000e+01	4.7038625105e-01
1.9030000000e+01	4.7080796466e-01
1.9040000000e+01	4.7122645187e-01
1.9050000000e+01	4.7164330655e-01
1.9060000000e+01	4.7206021042e-01
1.9070000000e+01	4.7247885641e-01
1.9080000000e+01	4.7290085547e-01
1.9090000000e+01	4.7332751491e-01
1.9100000000e+01	4.7375963991e-01
1.9110000000e+01	4.7419769081e-01
1.9120000000e+01	4.7464049437e-01
1.9130000000e+01	4.7508430676e-01
1.9140000000e+01	4.7552668548e-01
1.9150000000e+01	4.7596909320e-01
1.9160000000e+01	4.7641423648e-01
1.9170000000e+01	4.7686418521e-01
1.9180000000e+01	4.7732046683e-01
1.9190000000e+01	4.7778414362e-01
1.9200000000e+01	4.7825587477e-01
1.9210000000e+01	4.7873596559e-01
1.9220000000e+01	4.7922440678e-01
1.9230000000e+01	4.7972090579e-01
1.9240000000e+01	4.8022491211e-01
1.9250000000e+01	4.8073563785e-01
1.9260000000e+01	4.8125207469e-01
1.9270000000e+01	4.8177300811e-01
1.9280000000e+01	4.8229702987e-01
1.9290000000e+01	4.8282255145e-01
1.9300000000e+01	4.8334782347e-01
1.9310000000e+01	4.8387096406e-01
1.9320000000e+01	4.8438999235e-01
1.9330000000e+01	4.8490287464e-01
1.9340000000e+01	4.8540758922e-01
1.9350000000e+01	4.8590217762e-01
1.9360000000e+01	4.8638486501e-01
1.9370000000e+01	4.8685430945e-01
1.9380000000e+01	4.8731085470e-01
1.9390000000e+01	4.8775746835e-01
1.9400000000e+01	4.8819757497e-01
1.9410000000e+01	4.8863270588e-01
1.9420000000e+01	4.8906279062e-01
1.9430000000e+01	4.8948715013e-01
1.9440000000e+01	4.8990499581e-01
1.9450000000e+01	4.9031564031e-01
1.9460000000e+01	4.9071847512e-01
1.9470000000e+01	4.9111294648e-01
1.9480000000e+01	4.9149875476e-01
1.9490000000e+01	4.9187597159e-01
1.9500000000e+01	4.9224499670e-01
1.9510000000e+01	4.9260652353e-01
1.9520000000e+01	4.9296150954e-01
1.9530000000e+01	4.9331114488e-01
1.9540000000e+01	4.9365681482e-01
1.9550000000e+01	4.9400005333e-01
1.9560000000e+01	4.9434247675e-01
1.9570000000e+01	4.9468570803e-01
1.9580000000e+01	4.9503123965e-01
1.9590000000e+01	4.9538018183e-01
1.9600000000e+01	4.9573318304e-01
1.9610000000e+01	4.9609002461e-01
1.9620000000e+01	4.9644821296e-01
1.9630000000e+01	4.9680410188e-01
1.9640000000e+01	4.9715688478e-01
1.9650000000e+01	4.9750893103e-01
1.9660000000e+01	4.9786305249e-01
1.9670000000e+01	4.9822142327e-01
1.9680000000e+01	4.9858567365e-01
1.9690000000e+01	4.9895696619e-01
1.9700000000e+01	4.9933605643e-01
1.9710000000e+01	4.9972334124e-01
1.9720000000e+01	5.0011889744e-01
1.9730000000e+01	5.0052251298e-01
1.9740000000e+01	5.0093371231e-01
1.9750000000e+01	5.0135177735e-01
1.9760000000e+01	5.0177576519e-01
1.9770000000e+01	5.0220452486e-01
1.9780000000e+01	5.0263671785e-01
1.9790000000e+01	5.0307084705e-01
1.9800000000e+01	5.0350529276e-01
1.9810000000e+01	5.0393836356e-01
1.9820000000e+01	5.0436836608e-01
1.9830000000e+01	5.0479366113e-01
1.9840000000e+01	5.0521279006e-01
1.9850000000e+01	5.0562471486e-01
1.9860000000e+01	5.0602939342e-01
1.9870000000e+01	5.0642878248e-01
1.9880000000e+01	5.0682598860e-01
1.9890000000e+01	5.0722264864e-01
1.9900000000e+01	5.0761839502e-01
1.9910000000e+01	5.0801200725e-01
1.9920000000e+01	5.0840208379e-01
1.9930000000e+01	5.0878732053e-01
1.9940000000e+01	5.0916662488e-01
1.9950000000e+01	5.0953915822e-01
1.9960000000e+01	5.0990430160e-01
1.9970000000e+01	5.1026159070e-01
1.9980000000e+01	5.1061076438e-01
1.9990000000e+01	5.1095186703e-01
2.0000000000e+01	5.1128526557e-01
2.0010000000e+01	5.1152971659e-01
2.0020000000e+01	5.1176805084e-01
2.0030000000e+01	5.1200144104e-01
2.0040000000e+01	5.1223127817e-01
2.0050000000e+01	5.1245913754e-01
2.0060000000e+01	5.1268673896e-01
2.0070000000e+01	5.1291589122e-01
2.0080000000e+01	5.1314842347e-01
2.0090000000e+01	5.1338610527e-01
2.0100000000e+01	5.1363044323e-01
2.0110000000e+01	5.1388249134e-01
2.0120000000e+01	5.1414238414e-01
2.0130000000e+01	5.1440784359e-01
2.0140000000e+01	5.1467520922e-01
2.0150000000e+01	5.1494349574e-01
2.0160000000e+01	5.1521469843e-01
2.0170000000e+01	5.1549114672e-01
2.0180000000e+01	5.1577457137e-01
2.0190000000e+01	5.1606619487e-01
2.0200000000e+01	5.1636680367e-01
2.0210000000e+01	5.1667680524e-01
2.0220000000e+01	5.1699627303e-01
2.0230000000e+01	5.1732498216e-01
2.0240000000e+01	5.1766243810e-01
2.0250000000e+01	5.1800789996e-01
2.0260000000e+01	5.1836039996e-01
2.0270000000e+01	5.1871876107e-01
2.0280000000e+01	5.1908161751e-01
2.0290000000e+01	5.1944744306e-01
2.0300000000e+01	5.1981458789e-01
2.0310000000e+01	5.2018133271e-01
2.0320000000e+01	5.2054596135e-01
2.0330000000e+01	5.2090683015e-01
2.0340000000e+01	5.2126254293e-01
2.0350000000e+01	5.2161218171e-01
2.0360000000e+01	5.2195592984e-01
2.0370000000e+01	5.2229592730e-01
2.0380000000e+01	5.2263505865e-01
2.0390000000e+01	5.2297454156e-01
2.0400000000e+01	5.2331374477e-01
2.0410000000e+01	5.2365131615e-01
2.0420000000e+01	5.2398578530e-01
2.0430000000e+01	5.2431580811e-01
2.0440000000e+01	5.2464026556e-01
2.0450000000e+01	5.2495829921e-01
2.0460000000e+01	5.2526925424e-01
2.0470000000e+01	5.2557262193e-01
2.0480000000e+01	5.2586813325e-01
2.0490000000e+01	5.2615584780e-01
2.0500000000e+01	5.2643614142e-01
2.0510000000e+01	5.2670967754e-01
2.0520000000e+01	5.2697738281e-01
2.0530000000e+01	5.2724042252e-01
2.0540000000e+01	5.2750017027e-01
2.0550000000e+01	5.2775817152e-01
2.0560000000e+01	5.2801609885e-01
2.0570000000e+01	5.2827568982e-01
2.0580000000e+01	5.2853868669e-01
2.0590000000e+01	5.2880673726e-01
2.0600000000e+01	5.2908117403e-01
2.0610000000e+01	5.2936291145e-01
2.0620000000e+01	5.2965168420e-01
2.0630000000e+01	5.2994470901e-01
2.0640000000e+01	5.3023885266e-01
2.0650000000e+01	5.3053423893e-01
2.0660000000e+01	5.3083324157e-01
2.0670000000e+01	5.3113809330e-01
2.0680000000e+01	5.3145045376e-01
2.0690000000e+01	5.3177149387e-01
2.0700000000e+01	5.3210196303e-01
2.0710000000e+01	5.3244224221e-01
2.0720000000e+01	5.3279238604e-01
2.0730000000e+01	5.3315215634e-01
2.0740000000e+01	5.3352104916e-01
2.0750000000e+01	5.3389831687e-01
2.0760000000e+01	5.3428298641e-01
2.0770000000e+01	5.3467387524e-01
2.0780000000e+01	5.3506960782e-01
2.0790000000e+01	5.3546863808e-01
2.0800000000e+01	5.3586928034e-01
2.0810000000e+01	5.3626975155e-01
2.0820000000e+01	5.3666823494e-01
2.0830000000e+01	5.3706294726e-01
2.0840000000e+01	5.3745224528e-01
2.0850000000e+01	5.3783485520e-01
2.0860000000e+01	5.3821014870e-01
2.0870000000e+01	5.3857921118e-01
2.0880000000e+01	5.3894494222e-01
2.0890000000e+01	5.3930949794e-01
2.0900000000e+01	5.3967298051e-01
2.0910000000e+01	5.4003439014e-01
2.0920000000e+01	5.4039241785e-01
2.0930000000e+01	5.4074579380e-01
2.0940000000e+01	5.4109343317e-01
2.0950000000e+01	5.4143449305e-01
2.0960000000e+01	5.4176836609e-01
2.0970000000e+01	5.4209462019e-01
2.0980000000e+01	5.4241300763e-01
2.0990000000e+01	5.4272356603e-01
2.1000000000e+01	5.4302665480e-01
2.1010000000e+01	5.4332292477e-01
2.1020000000e+01	5.4361329215e-01
2.1030000000e+01	5.4389891142e-01
2.1040000000e+01	5.4418114198e-01
2.1050000000e+01	5.4446150955e-01
2.1060000000e+01	5.4474165605e-01
2.1070000000e+01	5.4502327188e-01
2.1080000000e+01	5.4530803636e-01
2.1090000000e+01	5.4559747872e-01
2.1100000000e+01	5.4589275091e-01
2.1110000000e+01	5.4619463860e-01
2.1120000000e+01	5.4650243360e-01
2.1130000000e+01	5.4681280294e-01
2.1140000000e+01	5.4712312376e-01
2.1150000000e+01	5.4743452267e-01
2.1160000000e+01	5.4774968924e-01
2.1170000000e+01	5.4807079136e-01
2.1180000000e+01	5.4839944360e-01
2.1190000000e+01	5.4873678642e-01
2.1200000000e+01	5.4908354951e-01
2.1210000000e+01	5.4944010190e-01
2.1220000000e+01	5.4980649178e-01
2.1230000000e+01	5.5018247843e-01
2.1240000000e+01	5.5056755804e-01
2.1250000000e+01	5.5096098488e-01
2.1260000000e+01	5.5136178877e-01
2.1270000000e+01	5.5176879020e-01
2.1280000000e+01	5.5218061502e-01
2.1290000000e+01	5.5259571371e-01
2.1300000000e+01	5.5301238895e-01
2.1310000000e+01	5.5342883109e-01
2.1320000000e+01	5.5384317026e-01
2.1330000000e+01	5.5425354436e-01
2.1340000000e+01	5.5465816180e-01
2.1350000000e+01	5.5505546952e-01
2.1360000000e+01	5.5544437629e-01
2.1370000000e+01	5.5582517423e-01
2.1380000000e+01	5.5620024828e-01
2.1390000000e+01	5.5657223625e-01
2.1400000000e+01	5.5694200854e-01
2.1410000000e+01	5.5730897428e-01
2.1420000000e+01	5.5767201908e-01
2.1430000000e+01	5.5802996788e-01
2.1440000000e+01	5.5838178390e-01
2.1450000000e+01	5.5872664972e-01
2.1460000000e+01	5.5906399717e-01
2.1470000000e+01	5.5939351482e-01
2.1480000000e+01	5.5971510104e-01
2.1490000000e+01	5.6002882634e-01
2.1500000000e+01	5.6033500153e-01
2.1510000000e+01	5.6063423125e-01
2.1520000000e+01	5.6092739563e-01
2.1530000000e+01	5.6121562138e-01
2.1540000000e+01	5.6150024746e-01
2.1550000000e+01	5.6178278568e-01
2.1560000000e+01	5.6206487007e-01
2.1570000000e+01	5.6234818929e-01
2.1580000000e+01	5.6263442558e-01
2.1590000000e+01	5.6292511097e-01
2.1600000000e+01	5.6322140082e-01
2.1610000000e+01	5.6352409284e-01
2.1620000000e+01	5.6383241478e-01
2.1630000000e+01	5.6414295143e-01
2.1640000000e+01	5.6445318192e-01
2.1650000000e+01	5.6476438849e-01
2.1660000000e+01	5.6507931304e-01
2.1670000000e+01	5.6540013883e-01
2.1680000000e+01	5.6572849535e-01
2.1690000000e+01	5.6606553704e-01
2.1700000000e+01	5.6641200616e-01
2.1710000000e+01	5.6676828269e-01
2.1720000000e+01	5.6713442406e-01
2.1730000000e+01	5.6751019716e-01
2.1740000000e+01	5.6789510416e-01
2.1750000000e+01	5.6828840384e-01
2.1760000000e+01	5.6868912918e-01
2.1770000000e+01	5.6909610244e-01
2.1780000000e+01	5.6950794951e-01
2.1790000000e+01	5.6992311805e-01
2.1800000000e+01	5.7033990374e-01
2.1810000000e+01	5.7075648333e-01
2.1820000000e+01	5.7117096121e-01
2.1830000000e+01	5.7158143424e-01
2.1840000000e+01	5.7198604646e-01
2.1850000000e+01	5.7238311252e-01
2.1860000000e+01	5.7277134918e-01
2.1870000000e+01	5.7315062409e-01
2.1880000000e+01	5.7352284042e-01
2.1890000000e+01	5.7389072661e-01
2.1900000000e+01	5.7425557437e-01
2.1910000000e+01	5.7461705074e-01
2.1920000000e+01	5.7497416706e-01
2.1930000000e+01	5.7532581024e-01
2.1940000000e+01	5.7567097520e-01
2.1950000000e+01	5.7600886148e-01
2.1960000000e+01	5.7633891044e-01
2.1970000000e+01	5.7666081646e-01
2.1980000000e+01	5.7697452689e-01
2.1990000000e+01	5.7728023719e-01
2.2000000000e+01	5.7757838411e-01
2.2010000000e+01	5.7786961768e-01
2.2020000000e+01	5.7815478473e-01
2.2030000000e+01	5.7843495742e-01
2.2040000000e+01	5.7871143443e-01
2.2050000000e+01	5.7898570065e-01
2.2060000000e+01	5.7925937761e-01
2.2070000000e+01	5.7953415695e-01
2.2080000000e+01	5.7981173928e-01
2.2090000000e+01	5.8009370906e-01
2.2100000000e+01	5.8038130979e-01
2.2110000000e+01	5.8067541233e-01
2.2120000000e+01	5.8097533853e-01
2.2130000000e+01	5.8127776692e-01
2.2140000000e+01	5.8158009054e-01
2.2150000000e+01	5.8188341901e-01
2.2160000000e+01	5.8219044597e-01
2.2170000000e+01	5.8250338038e-01
2.2180000000e+01	5.8282387259e-01
2.2190000000e+01	5.8315309400e-01
2.2200000000e+01	5.8349180060e-01
2.2210000000e+01	5.8384038339e-01
2.2220000000e+01	5.8419890854e-01
2.2230000000e+01	5.8456714970e-01
2.2240000000e+01	5.8494461418e-01
2.2250000000e+01	5.8533056444e-01
2.2260000000e+01	5.8572403595e-01
2.2270000000e+01	5.8612385235e-01
2.2280000000e+01	5.8652863982e-01
2.2290000000e+01	5.8693684464e-01
2.2300000000e+01	5.8734675881e-01
2.2310000000e+01	5.8775655231e-01
2.2320000000e+01	5.8816431710e-01
2.2330000000e+01	5.8856812994e-01
2.2340000000e+01	5.8896610687e-01
2.2350000000e+01	5.8935650655e-01
2.2360000000e+01	5.8973795309e-01
2.2370000000e+01	5.9011009827e-01
2.2380000000e+01	5.9047457397e-01
2.2390000000e+01	5.9083408413e-01
2.2400000000e+01	5.9119008052e-01
2.2410000000e+01	5.9154234540e-01
2.2420000000e+01	5.9188994809e-01
2.2430000000e+01	5.9223180442e-01
2.2440000000e+01	5.9256692418e-01
2.2450000000e+01	5.9289451476e-01
2.2460000000e+01	5.9321402181e-01
2.2470000000e+01	5.9352514228e-01
2.2480000000e+01	5.9382782527e-01
2.2490000000e+01	5.9412226777e-01
2.2500000000e+01	5.9440890838e-01
2.2510000000e+01	5.9468842020e-01
2.2520000000e+01	5.9496170287e-01
2.2530000000e+01	5.9522987112e-01
2.2540000000e+01	5.9549423538e-01
2.2550000000e+01	5.9575627434e-01
2.2560000000e+01	5.9601759834e-01
2.2570000000e+01	5.9627989485e-01
2.2580000000e+01	5.9654487281e-01
2.2590000000e+01	5.9681417275e-01
2.2600000000e+01	5.9708916284e-01
2.2610000000e+01	5.9737083976e-01
2.2620000000e+01	5.9765944180e-01
2.2630000000e+01	5.9795361877e-01
2.2640000000e+01	5.9825123657e-01
2.2650000000e+01	5.9855138083e-01
2.2660000000e+01	5.9885487207e-01
2.2670000000e+01	5.9916351221e-01
2.2680000000e+01	5.9947911133e-01
2.2690000000e+01	5.9980299473e-01
2.2700000000e+01	6.0013603990e-01
2.2710000000e+01	6.0047873365e-01
2.2720000000e+01	6.0083121793e-01
2.2730000000e+01	6.0119332652e-01
2.2740000000e+01	6.0156461471e-01
2.2750000000e+01	6.0194438340e-01
2.2760000000e+01	6.0233169888e-01
2.2770000000e+01	6.0272540958e-01
2.2780000000e+01	6.0312416134e-01
2.2790000000e+01	6.0352641550e-01
2.2800000000e+01	6.0393047457e-01
2.2810000000e+01	6.0433451425e-01
2.2820000000e+01	6.0473662592e-01
2.2830000000e+01	6.0513487758e-01
2.2840000000e+01	6.0552736939e-01
2.2850000000e+01	6.0591232318e-01
2.2860000000e+01	6.0628829510e-01
2.2870000000e+01	6.0665480481e-01
2.2880000000e+01	6.0701332820e-01
2.2890000000e+01	6.0736653910e-01
2.2900000000e+01	6.0771596264e-01
2.2910000000e+01	6.0806144129e-01
2.2920000000e+01	6.0840207610e-01
2.2930000000e+01	6.0873679911e-01
2.2940000000e+01	6.0906462824e-01
2.2950000000e+01	6.0938477478e-01
2.2960000000e+01	6.0969668606e-01
2.2970000000e+01	6.1000005955e-01
2.2980000000e+01	6.1029484440e-01
2.2990000000e+01	6.1058123753e-01
2.3000000000e+01	6.1085967756e-01
2.3010000000e+01	6.1113083788e-01
2.3020000000e+01	6.1139561899e-01
2.3030000000e+01	6.1165513790e-01
2.3040000000e+01	6.1191071021e-01
2.3050000000e+01	6.1216382394e-01
2.3060000000e+01	6.1241610587e-01
2.3070000000e+01	6.1266927138e-01
2.3080000000e+01	6.1292506771e-01
2.3090000000e+01	6.1318520691e-01
2.3100000000e+01	6.1345118537e-01
2.3110000000e+01	6.1372413039e-01
2.3120000000e+01	6.1400464337e-01
2.3130000000e+01	6.1429190270e-01
2.3140000000e+01	6.1458376989e-01
2.3150000000e+01	6.1487888863e-01
2.3160000000e+01	6.1517777317e-01
2.3170000000e+01	6.1548212131e-01
2.3180000000e+01	6.1579371920e-01
2.3190000000e+01	6.1611387788e-01
2.3200000000e+01	6.1644345979e-01
2.3210000000e+01	6.1678293652e-01
2.3220000000e+01	6.1713243514e-01
2.3230000000e+01	6.1749177529e-01
2.3240000000e+01	6.1786049902e-01
2.3250000000e+01	6.1823789507e-01
2.3260000000e+01	6.1862301873e-01
2.3270000000e+01	6.1901470852e-01
2.3280000000e+01	6.1941160146e-01
2.3290000000e+01	6.1981215089e-01
2.3300000000e+01	6.2021465179e-01
2.3310000000e+01	6.2061727251e-01
2.3320000000e+01	6.2101809650e-01
2.3330000000e+01	6.2141518248e-01
2.3340000000e+01	6.2180662028e-01
2.3350000000e+01	6.2219061700e-01
2.3360000000e+01	6.2256570532e-01
2.3370000000e+01	6.2293131221e-01
2.3380000000e+01	6.2328876860e-01
2.3390000000e+01	6.2364070832e-01
2.3400000000e+01	6.2398871491e-01
2.3410000000e+01	6.2433267698e-01
2.3420000000e+01	6.2467171006e-01
2.3430000000e+01	6.2500473712e-01
2.3440000000e+01	6.2533075479e-01
2.3450000000e+01	6.2564895271e-01
2.3460000000e+01	6.2595876257e-01
2.3470000000e+01	6.2625987405e-01
2.3480000000e+01	6.2655223588e-01
2.3490000000e+01	6.2683605049e-01
2.3500000000e+01	6.2711176631e-01
2.3510000000e+01	6.2738006941e-01
2.3520000000e+01	6.2764187464e-01
2.3530000000e+01	6.2789831433e-01
2.3540000000e+01	6.2815072010e-01
2.3550000000e+01	6.2840059669e-01
2.3560000000e+01	6.2864958925e-01
2.3570000000e+01	6.2889943571e-01
2.3580000000e+01	6.2915191003e-01
2.3590000000e+01	6.2940876296e-01
2.3600000000e+01	6.2967155455e-01
2.3610000000e+01	6.2994148205e-01
2.3620000000e+01	6.3021934674e-01
2.3630000000e+01	6.3050466250e-01
2.3640000000e+01	6.3079536728e-01
2.3650000000e+01	6.3108986413e-01
2.3660000000e+01	6.3138846188e-01
2.3670000000e+01	6.3169279470e-01
2.3680000000e+01	6.3200462745e-01
2.3690000000e+01	6.3232524738e-01
2.3700000000e+01	6.3265549594e-01
2.3710000000e+01	6.3299582648e-01
2.3720000000e+01	6.3334635040e-01
2.3730000000e+01	6.3370687421e-01
2.3740000000e+01	6.3407692919e-01
2.3750000000e+01	6.3445579550e-01
2.3760000000e+01	6.3484252184e-01
2.3770000000e+01	6.3523594193e-01
2.3780000000e+01	6.3563468949e-01
2.3790000000e+01	6.3603721574e-01
2.3800000000e+01	6.3644181420e-01
2.3810000000e+01	6.3684665201e-01
2.3820000000e+01	6.3724981101e-01
2.3830000000e+01	6.3764934720e-01
2.3840000000e+01	6.3804334599e-01
2.3850000000e+01	6.3842999857e-01
2.3860000000e+01	6.3880779446e-01
2.3870000000e+01	6.3917597986e-01
2.3880000000e+01	6.3953557777e-01
2.3890000000e+01	6.3988908140e-01
2.3900000000e+01	6.4023816048e-01
2.3910000000e+01	6.4058282239e-01
2.3920000000e+01	6.4092226984e-01
2.3930000000e+01	6.4125549938e-01
2.3940000000e+01	6.4158157393e-01
2.3950000000e+01	6.4189973865e-01
2.3960000000e+01	6.4220946775e-01
2.3970000000e+01	6.4251048068e-01
2.3980000000e+01	6.4280274478e-01
2.3990000000e+01	6.4308647239e-01
2.4000000000e+01	6.4336211561e-01
2.4010000000e+01	6.4363036012e-01
2.4020000000e+01	6.4389211818e-01
2.4030000000e+01	6.4414851879e-01
2.4040000000e+01	6.4440089068e-01
2.4050000000e+01	6.4465073689e-01
2.4060000000e+01	6.4489970318e-01
2.4070000000e+01	6.4514953192e-01
2.4080000000e+01	6.4540200568e-01
2.4090000000e+01	6.4565889239e-01
2.4100000000e+01	6.4592178614e-01
2.4110000000e+01	6.4619192628e-01
2.4120000000e+01	6.4647022288e-01
2.4130000000e+01	6.4675641052e-01
2.4140000000e+01	6.4704854178e-01
2.4150000000e+01	6.4734489589e-01
2.4160000000e+01	6.4764564623e-01
2.4170000000e+01	6.4795240165e-01
2.4180000000e+01	6.4826691762e-01
2.4190000000e+01	6.4859045769e-01
2.4200000000e+01	6.4892384352e-01
2.4210000000e+01	6.4926751183e-01
2.4220000000e+01	6.4962156010e-01
2.4230000000e+01	6.4998578309e-01
2.4240000000e+01	6.5035970232e-01
2.4250000000e+01	6.5074258984e-01
2.4260000000e+01	6.5113348769e-01
2.4270000000e+01	6.5153122412e-01
2.4280000000e+01	6.5193442831e-01
2.4290000000e+01	6.5234154736e-01
2.4300000000e+01	6.5275087046e-01
2.4310000000e+01	6.5316055941e-01
2.4320000000e+01	6.5356868759e-01
2.4330000000e+01	6.5397329672e-01
2.4340000000e+01	6.5437245300e-01
2.4350000000e+01	6.5476430832e-01
2.4360000000e+01	6.5514728074e-01
2.4370000000e+01	6.5552048002e-01
2.4380000000e+01	6.5588479570e-01
2.4390000000e+01	6.5624277307e-01
2.4400000000e+01	6.5659624935e-01
2.4410000000e+01	6.5694532748e-01
2.4420000000e+01	6.5728922202e-01
2.4430000000e+01	6.5762690236e-01
2.4440000000e+01	6.5795738996e-01
2.4450000000e+01	6.5827988638e-01
2.4460000000e+01	6.5859382607e-01
2.4470000000e+01	6.5889889516e-01
2.4480000000e+01	6.5919503500e-01
2.4490000000e+01	6.5948243881e-01
2.4500000000e+01	6.5976154545e-01
2.4510000000e+01	6.6003303200e-01
2.4520000000e+01	6.6029780563e-01
2.4530000000e+01	6.6055699292e-01
2.4540000000e+01	6.6081192243e-01
2.4550000000e+01	6.6106409925e-01
2.4560000000e+01	6.6131517328e-01
2.4570000000e+01	6.6156689346e-01
2.4580000000e+01	6.6182105149e-01
2.4590000000e+01	6.6207943288e-01
2.4600000000e+01	6.6234367069e-01
2.4610000000e+01	6.6261505926e-01
2.4620000000e+01	6.6289458849e-01
2.4630000000e+01	6.6318213304e-01
2.4640000000e+01	6.6347585474e-01
2.4650000000e+01	6.6377400746e-01
2.4660000000e+01	6.6407670562e-01
2.4670000000e+01	6.6438554649e-01
2.4680000000e+01	6.6470227960e-01
2.4690000000e+01	6.6502815566e-01
2.4700000000e+01	6.6536398658e-01
2.4710000000e+01	6.6571020175e-01
2.4720000000e+01	6.6606689322e-01
2.4730000000e+01	6.6643385187e-01
2.4740000000e+01	6.6681059641e-01
2.4750000000e+01	6.6719639696e-01
2.4760000000e+01	6.6759029416e-01
2.4770000000e+01	6.6799111528e-01
2.4780000000e+01	6.6839748859e-01
2.4790000000e+01	6.6880785990e-01
2.4800000000e+01	6.6922051605e-01
2.4810000000e+01	6.6963361480e-01
2.4820000000e+01	6.7004522119e-01
2.4830000000e+01	6.7045336011e-01
2.4840000000e+01	6.7085607039e-01
2.4850000000e+01	6.7125144969e-01
2.4860000000e+01	6.7163781069e-01
2.4870000000e+01	6.7201400789e-01
2.4880000000e+01	6.7238056003e-01
2.4890000000e+01	6.7273989432e-01
2.4900000000e+01	6.7309406921e-01
2.4910000000e+01	6.7344343083e-01
2.4920000000e+01	6.7378732710e-01
2.4930000000e+01	6.7412480164e-01
2.4940000000e+01	6.7445492203e-01
2.4950000000e+01	6.7477692126e-01
2.4960000000e+01	6.7509025622e-01
2.4970000000e+01	6.7539462936e-01
2.4980000000e+01	6.7568999380e-01
2.4990000000e+01	6.7597655101e-01
2.5000000000e+01	6.7625474544e-01
2.5010000000e+01	6.7634779795e-01
2.5020000000e+01	6.7643407789e-01
2.5030000000e+01	6.7651471392e-01
2.5040000000e+01	6.7659103840e-01
2.5050000000e+01	6.7666456359e-01
2.5060000000e+01	6.7673695255e-01
2.5070000000e+01	6.7680997795e-01
2.5080000000e+01	6.7688546721e-01
2.5090000000e+01	6.7696526136e-01
2.5100000000e+01	6.7705110517e-01
2.5110000000e+01	6.7714444721e-01
2.5120000000e+01	6.7724643777e-01
2.5130000000e+01	6.7735734013e-01
2.5140000000e+01	6.7747569491e-01
2.5150000000e+01	6.7759953164e-01
2.5160000000e+01	6.7772850050e-01
2.5170000000e+01	6.7786397866e-01
2.5180000000e+01	6.7800764714e-01
2.5190000000e+01	6.7816072625e-01
2.5200000000e+01	6.7832399874e-01
2.5210000000e+01	6.7849786655e-01
2.5220000000e+01	6.7868239625e-01
2.5230000000e+01	6.7887735546e-01
2.5240000000e+01	6.7908224190e-01
2.5250000000e+01	6.7929630693e-01
2.5260000000e+01	6.7951857471e-01
2.5270000000e+01	6.7974785805e-01
2.5280000000e+01	6.7998277258e-01
2.5290000000e+01	6.8022175248e-01
2.5300000000e+01	6.8046307296e-01
2.5310000000e+01	6.8070487923e-01
2.5320000000e+01	6.8094522025e-01
2.5330000000e+01	6.8118209708e-01
2.5340000000e+01	6.8141352027e-01
2.5350000000e+01	6.8163755570e-01
2.5360000000e+01	6.8185246839e-01
2.5370000000e+01	6.8205698154e-01
2.5380000000e+01	6.8225138154e-01
2.5390000000e+01	6.8243799283e-01
2.5400000000e+01	6.8261902134e-01
2.5410000000e+01	6.8279499519e-01
2.5420000000e+01	6.8296535334e-01
2.5430000000e+01	6.8312917977e-01
2.5440000000e+01	6.8328555807e-01
2.5450000000e+01	6.8343372468e-01
2.5460000000e+01	6.8357313295e-01
2.5470000000e+01	6.8370347760e-01
2.5480000000e+01	6.8382470141e-01
2.5490000000e+01	6.8393699396e-01
2.5500000000e+01	6.8404078697e-01
2.5510000000e+01	6.8413674803e-01
2.5520000000e+01	6.8422577351e-01
2.5530000000e+01	6.8430897911e-01
2.5540000000e+01	6.8438768409e-01
2.5550000000e+01	6.8446338725e-01
2.5560000000e+01	6.8453773726e-01
2.5570000000e+01	6.8461249018e-01
2.5580000000e+01	6.8468945445e-01
2.5590000000e+01	6.8477044609e-01
2.5600000000e+01	6.8485715958e-01
2.5610000000e+01	6.8495097479e-01
2.5620000000e+01	6.8505300555e-01
2.5630000000e+01	6.8516342750e-01
2.5640000000e+01	6.8528069549e-01
2.5650000000e+01	6.8540301359e-01
2.5660000000e+01	6.8553033199e-01
2.5670000000e+01	6.8566418413e-01
2.5680000000e+01	6.8580627381e-01
2.5690000000e+01	6.8595780749e-01
2.5700000000e+01	6.8611956141e-01
2.5710000000e+01	6.8629193636e-01
2.5720000000e+01	6.8647500164e-01
2.5730000000e+01	6.8666853028e-01
2.5740000000e+01	6.8687202739e-01
2.5750000000e+01	6.8708475310e-01
2.5760000000e+01	6.8730574117e-01
2.5770000000e+01	6.8753381466e-01
2.5780000000e+01	6.8776759975e-01
2.5790000000e+01	6.8800554172e-01
2.5800000000e+01	6.8824592753e-01
2.5810000000e+01	6.8848691484e-01
2.5820000000e+01	6.8872656718e-01
2.5830000000e+01	6.8896290531e-01
2.5840000000e+01	6.8919396348e-01
2.5850000000e+01	6.8941783829e-01
2.5860000000e+01	6.8963284294e-01
2.5870000000e+01	6.8983780318e-01
2.5880000000e+01	6.9003314876e-01
2.5890000000e+01	6.9022120987e-01
2.5900000000e+01	6.9040400271e-01
2.5910000000e+01	6.9058186444e-01
2.5920000000e+01	6.9075413574e-01
2.5930000000e+01	6.9091985182e-01
2.5940000000e+01	6.9107807030e-01
2.5950000000e+01	6.9122801246e-01
2.5960000000e+01	6.9136912195e-01
2.5970000000e+01	6.9150108681e-01
2.5980000000e+01	6.9162384497e-01
2.5990000000e+01	6.9173758237e-01
2.6000000000e+01	6.9184272796e-01
2.6010000000e+01	6.9193994724e-01
2.6020000000e+01	6.9203013511e-01
2.6030000000e+01	6.9211440636e-01
2.6040000000e+01	6.9219407997e-01
2.6050000000e+01	6.9227065520e-01
2.6060000000e+01	6.9234578277e-01
2.6070000000e+01	6.9242122452e-01
2.6080000000e+01	6.9249879982e-01
2.6090000000e+01	6.9258034315e-01
2.6100000000e+01	6.9266758695e-01
2.6110000000e+01	6.9276196682e-01
2.6120000000e+01	6.9286464221e-01
2.6130000000e+01	6.9297595429e-01
2.6140000000e+01	6.9309459123e-01
2.6150000000e+01	6.9321874634e-01
2.6160000000e+01	6.9334823084e-01
2.6170000000e+01	6.9348451552e-01
2.6180000000e+01	6.9362927054e-01
2.6190000000e+01	6.9378367442e-01
2.6200000000e+01	6.9394848026e-01
2.6210000000e+01	6.9412406965e-01
2.6220000000e+01	6.9431049607e-01
2.6230000000e+01	6.9450751963e-01
2.6240000000e+01	6.9471463503e-01
2.6250000000e+01	6.9493109409e-01
2.6260000000e+01	6.9515592416e-01
2.6270000000e+01	6.9538794339e-01
2.6280000000e+01	6.9562577429e-01
2.6290000000e+01	6.9586785894e-01
2.6300000000e+01	6.9611248082e-01
2.6310000000e+01	6.9635779314e-01
2.6320000000e+01	6.9660185285e-01
2.6330000000e+01	6.9684267036e-01
2.6340000000e+01	6.9707826608e-01
2.6350000000e+01	6.9730671456e-01
2.6360000000e+01	6.9752628646e-01
2.6370000000e+01	6.9773570185e-01
2.6380000000e+01	6.9793520553e-01
2.6390000000e+01	6.9812702224e-01
2.6400000000e+01	6.9831324817e-01
2.6410000000e+01	6.9849434082e-01
2.6420000000e+01	6.9866970210e-01
2.6430000000e+01	6.9883839443e-01
2.6440000000e+01	6.9899948682e-01
2.6450000000e+01	6.9915220467e-01
2.6460000000e+01	6.9929599239e-01
2.6470000000e+01	6.9943053731e-01
2.6480000000e+01	6.9955577603e-01
2.6490000000e+01	6.9967189313e-01
2.6500000000e+01	6.9977931629e-01
2.6510000000e+01	6.9987871010e-01
2.6520000000e+01	6.9997096884e-01
2.6530000000e+01	7.0005720714e-01
2.6540000000e+01	7.0013874451e-01
2.6550000000e+01	7.0021708179e-01
2.6560000000e+01	7.0029387286e-01
2.6570000000e+01	7.0037088594e-01
2.6580000000e+01	7.0044995095e-01
2.6590000000e+01	7.0053291869e-01
2.6600000000e+01	7.0062155505e-01
2.6610000000e+01	7.0071734710e-01
2.6620000000e+01	7.0082149814e-01
2.6630000000e+01	7.0093449300e-01
2.6640000000e+01	7.0105522654e-01
2.6650000000e+01	7.0118188785e-01
2.6660000000e+01	7.0131415860e-01
2.6670000000e+01	7.0145344952e-01
2.6680000000e+01	7.0160140603e-01
2.6690000000e+01	7.0175918638e-01
2.6700000000e+01	7.0192752702e-01
2.6710000000e+01	7.0210679589e-01
2.6720000000e+01	7.0229703531e-01
2.6730000000e+01	7.0249799635e-01
2.6740000000e+01	7.0270916646e-01
2.6750000000e+01	7.0292979177e-01
2.6760000000e+01	7.0315889529e-01
2.6770000000e+01	7.0339529194e-01
2.6780000000e+01	7.0363760192e-01
2.6790000000e+01	7.0388426560e-01
2.6800000000e+01	7.0413356486e-01
2.6810000000e+01	7.0438365097e-01
2.6820000000e+01	7.0463257784e-01
2.6830000000e+01	7.0487835035e-01
2.6840000000e+01	7.0511898069e-01
2.6850000000e+01	7.0535253033e-01
2.6860000000e+01	7.0557724349e-01
2.6870000000e+01	7.0579178151e-01
2.6880000000e+01	7.0599627176e-01
2.6890000000e+01	7.0619284009e-01
2.6900000000e+01	7.0638360391e-01
2.6910000000e+01	7.0656908938e-01
2.6920000000e+01	7.0674873499e-01
2.6930000000e+01	7.0692161914e-01
2.6940000000e+01	7.0708681701e-01
2.6950000000e+01	7.0724355565e-01
2.6960000000e+01	7.0739127899e-01
2.6970000000e+01	7.0752967293e-01
2.6980000000e+01	7.0765867235e-01
2.6990000000e+01	7.0777846008e-01
2.7000000000e+01	7.0788946230e-01
2.7010000000e+01	7.0799234235e-01
2.7020000000e+01	7.0808799360e-01
2.7030000000e+01	7.0817753021e-01
2.7040000000e+01	7.0826227201e-01
2.7050000000e+01	7.0834372131e-01
2.7060000000e+01	7.0842353517e-01
2.7070000000e+01	7.0850348795e-01
2.7080000000e+01	7.0858541980e-01
2.7090000000e+01	7.0867119606e-01
2.7100000000e+01	7.0876261021e-01
2.7110000000e+01	7.0886119290e-01
2.7120000000e+01	7.0896818684e-01
2.7130000000e+01	7.0908420197e-01
2.7140000000e+01	7.0920831889e-01
2.7150000000e+01	7.0933873724e-01
2.7160000000e+01	7.0947503115e-01
2.7170000000e+01	7.0961855613e-01
2.7180000000e+01	7.0977093451e-01
2.7190000000e+01	7.0993330566e-01
2.7200000000e+01	7.1010639047e-01
2.7210000000e+01	7.1029054410e-01
2.7220000000e+01	7.1048579838e-01
2.7230000000e+01	7.1069189587e-01
2.7240000000e+01	7.1090831715e-01
2.7250000000e+01	7.1113430293e-01
2.7260000000e+01	7.1136887202e-01
2.7270000000e+01	7.1161083617e-01
2.7280000000e+01	7.1185881324e-01
2.7290000000e+01	7.1211124171e-01
2.7300000000e+01	7.1236640155e-01
2.7310000000e+01	7.1262244161e-01
2.7320000000e+01	7.1287741203e-01
2.7330000000e+01	7.1312931121e-01
2.7340000000e+01	7.1337614180e-01
2.7350000000e+01	7.1361595035e-01
2.7360000000e+01	7.1384695073e-01
2.7370000000e+01	7.1406773829e-01
2.7380000000e+01	7.1427830787e-01
2.7390000000e+01	7.1448067311e-01
2.7400000000e+01	7.1467697953e-01
2.7410000000e+01	7.1486783727e-01
2.7420000000e+01	7.1505273009e-01
2.7430000000e+01	7.1523075673e-01
2.7440000000e+01	7.1540100099e-01
2.7450000000e+01	7.1556269305e-01
2.7460000000e+01	7.1571527738e-01
2.7470000000e+01	7.1585843923e-01
2.7480000000e+01	7.1599211241e-01
2.7490000000e+01	7.1611647855e-01
2.7500000000e+01	7.1623196269e-01
2.7510000000e+01	7.1633922717e-01
2.7520000000e+01	7.1643916462e-01
2.7530000000e+01	7.1653288880e-01
2.7540000000e+01	7.1662171981e-01
2.7550000000e+01	7.1670716107e-01
2.7560000000e+01	7.1679087211e-01
2.7570000000e+01	7.1687463220e-01
2.7580000000e+01	7.1696028981e-01
2.7590000000e+01	7.1704972213e-01
2.7600000000e+01	7.1714474593e-01
2.7610000000e+01	7.1724693052e-01
2.7620000000e+01	7.1735755558e-01
2.7630000000e+01	7.1747735473e-01
2.7640000000e+01	7.1760559898e-01
2.7650000000e+01	7.1774051484e-01
2.7660000000e+01	7.1788158139e-01
2.7670000000e+01	7.1803009910e-01
2.7680000000e+01	7.1818766387e-01
2.7690000000e+01	7.1835539365e-01
2.7700000000e+01	7.1853399193e-01
2.7710000000e+01	7.1872379971e-01
2.7720000000e+01	7.1892483733e-01
2.7730000000e+01	7.1913683811e-01
2.7740000000e+01	7.1935927534e-01
2.7750000000e+01	7.1959138406e-01
2.7760000000e+01	7.1983217877e-01
2.7770000000e+01	7.2008046807e-01
2.7780000000e+01	7.2033486752e-01
2.7790000000e+01	7.2059381378e-01
2.7800000000e+01	7.2085558482e-01
2.7810000000e+01	7.2111832682e-01
2.7820000000e+01	7.2138008547e-01
2.7830000000e+01	7.2163885096e-01
2.7840000000e+01	7.2189261336e-01
2.7850000000e+01	7.2213940021e-01
2.7860000000e+01	7.2237738753e-01
2.7870000000e+01	7.2260509975e-01
2.7880000000e+01	7.2282237724e-01
2.7890000000e+01	7.2303108310e-01
2.7900000000e+01	7.2323339389e-01
2.7910000000e+01	7.2343003552e-01
2.7920000000e+01	7.2362055584e-01
2.7930000000e+01	7.2380408304e-01
2.7940000000e+01	7.2397971403e-01
2.7950000000e+01	7.2414668443e-01
2.7960000000e+01	7.2430444060e-01
2.7970000000e+01	7.2445266798e-01
2.7980000000e+01	7.2459129984e-01
2.7990000000e+01	7.2472051704e-01
2.8000000000e+01	7.2484074385e-01
2.8010000000e+01	7.2495264202e-01
2.8020000000e+01	7.2505710381e-01
2.8030000000e+01	7.2515524320e-01
2.8040000000e+01	7.2524838131e-01
2.8050000000e+01	7.2533802403e-01
2.8060000000e+01	7.2542583511e-01
2.8070000000e+01	7.2551360087e-01
2.8080000000e+01	7.2560318059e-01
2.8090000000e+01	7.2569646572e-01
2.8100000000e+01	7.2579530009e-01
2.8110000000e+01	7.2590129788e-01
2.8120000000e+01	7.2601578056e-01
2.8130000000e+01	7.2613960516e-01
2.8140000000e+01	7.2627223613e-01
2.8150000000e+01	7.2641192539e-01
2.8160000000e+01	7.2655803924e-01
2.8170000000e+01	7.2671181193e-01
2.8180000000e+01	7.2687481382e-01
2.8190000000e+01	7.2704814222e-01
2.8200000000e+01	7.2723248408e-01
2.8210000000e+01	7.2742816725e-01
2.8220000000e+01	7.2763520187e-01
2.8230000000e+01	7.2785331353e-01
2.8240000000e+01	7.2808196996e-01
2.8250000000e+01	7.2832040246e-01
2.8260000000e+01	7.2856762337e-01
2.8270000000e+01	7.2882244038e-01
2.8280000000e+01	7.2908346912e-01
2.8290000000e+01	7.2934914679e-01
2.8300000000e+01	7.2961775182e-01
2.8310000000e+01	7.2988743012e-01
2.8320000000e+01	7.3015622582e-01
2.8330000000e+01	7.3042212515e-01
2.8340000000e+01	7.3068311152e-01
2.8350000000e+01	7.3093720277e-01
2.8360000000e+01	7.3118255582e-01
2.8370000000e+01	7.3141766423e-01
2.8380000000e+01	7.3164228158e-01
2.8390000000e+01	7.3185815667e-01
2.8400000000e+01	7.3206745203e-01
2.8410000000e+01	7.3227094544e-01
2.8420000000e+01	7.3246821548e-01
2.8430000000e+01	7.3265840426e-01
2.8440000000e+01	7.3284061445e-01
2.8450000000e+01	7.3301408362e-01
2.8460000000e+01	7.3317825820e-01
2.8470000000e+01	7.3333282292e-01
2.8480000000e+01	7.3347771000e-01
2.8490000000e+01	7.3361309926e-01
2.8500000000e+01	7.3373941398e-01
2.8510000000e+01	7.3385731506e-01
2.8520000000e+01	7.3396769414e-01
2.8530000000e+01	7.3407166470e-01
2.8540000000e+01	7.3417054788e-01
2.8550000000e+01	7.3426585022e-01
2.8560000000e+01	7.3435923710e-01
2.8570000000e+01	7.3445249856e-01
2.8580000000e+01	7.3454750073e-01
2.8590000000e+01	7.3464614532e-01
2.8600000000e+01	7.3475029774e-01
2.8610000000e+01	7.3486161261e-01
2.8620000000e+01	7.3498145721e-01
2.8630000000e+01	7.3511082779e-01
2.8640000000e+01	7.3524942209e-01
2.8650000000e+01	7.3539555213e-01
2.8660000000e+01	7.3554846449e-01
2.8670000000e+01	7.3570932057e-01
2.8680000000e+01	7.3587967454e-01
2.8690000000e+01	7.3606060725e-01
2.8700000000e+01	7.3625278832e-01
2.8710000000e+01	7.3645652735e-01
2.8720000000e+01	7.3667181548e-01
2.8730000000e+01	7.3689835881e-01
2.8740000000e+01	7.3713560537e-01
2.8750000000e+01	7.3738276689e-01
2.8760000000e+01	7.3763883644e-01
2.8770000000e+01	7.3790260299e-01
2.8780000000e+01	7.3817266409e-01
2.8790000000e+01	7.3844743972e-01
2.8800000000e+01	7.3872519207e-01
2.8810000000e+01	7.3900405199e-01
2.8820000000e+01	7.3928204879e-01
2.8830000000e+01	7.3955715153e-01
2.8840000000e+01	7.3982732252e-01
2.8850000000e+01	7.4009055269e-01
2.8860000000e+01	7.4034494365e-01
2.8870000000e+01	7.4058889804e-01
2.8880000000e+01	7.4082192724e-01
2.8890000000e+01	7.4104549810e-01
2.8900000000e+01	7.4126182672e-01
2.8910000000e+01	7.4147193136e-01
2.8920000000e+01	7.4167553235e-01
2.8930000000e+01	7.4187183897e-01
2.8940000000e+01	7.4205998561e-01
2.8950000000e+01	7.4223922496e-01
2.8960000000e+01	7.4240901052e-01
2.8970000000e+01	7.4256903020e-01
2.8980000000e+01	7.4271921756e-01
2.8990000000e+01	7.4285975305e-01
2.9000000000e+01	7.4299106059e-01
2.9010000000e+01	7.4311380208e-01
2.9020000000e+01	7.4322887070e-01
2.9030000000e+01	7.4333738251e-01
2.9040000000e+01	7.4344066289e-01
2.9050000000e+01	7.4354022504e-01
2.9060000000e+01	7.4363774387e-01
2.9070000000e+01	7.4373502372e-01
2.9080000000e+01	7.4383395168e-01
2.9090000000e+01	7.4393645447e-01
2.9100000000e+01	7.4404443692e-01
2.9110000000e+01	7.4415961550e-01
2.9120000000e+01	7.4428341096e-01
2.9130000000e+01	7.4441692580e-01
2.9140000000e+01	7.4456003353e-01
2.9150000000e+01	7.4471106333e-01
2.9160000000e+01	7.4486910804e-01
2.9170000000e+01	7.4503522822e-01
2.9180000000e+01	7.4521094707e-01
2.9190000000e+01	7.4539732259e-01
2.9200000000e+01	7.4559500886e-01
2.9210000000e+01	7.4580430628e-01
2.9220000000e+01	7.4602520213e-01
2.9230000000e+01	7.4625740315e-01
2.9240000000e+01	7.4650036168e-01
2.9250000000e+01	7.4675329667e-01
2.9260000000e+01	7.4701521067e-01
2.9270000000e+01	7.4728490382e-01
2.9280000000e+01	7.4756098597e-01
2.9290000000e+01	7.4784188989e-01
2.9300000000e+01	7.4812589014e-01
2.9310000000e+01	7.4841112864e-01
2.9320000000e+01	7.4869564413e-01
2.9330000000e+01	7.4897741369e-01
2.9340000000e+01	7.4925440647e-01
2.9350000000e+01	7.4952461929e-01
2.9360000000e+01	7.4978616393e-01
2.9370000000e+01	7.5003745780e-01
2.9380000000e+01	7.5027804461e-01
2.9390000000e+01	7.5050940525e-01
2.9400000000e+01	7.5073368631e-01
2.9410000000e+01	7.5095180978e-01
2.9420000000e+01	7.5116343830e-01
2.9430000000e+01	7.5136774922e-01
2.9440000000e+01	7.5156385753e-01
2.9450000000e+01	7.5175100322e-01
2.9460000000e+01	7.5192863142e-01
2.9470000000e+01	7.5209642478e-01
2.9480000000e+01	7.5225431407e-01
2.9490000000e+01	7.5240247887e-01
2.9500000000e+01	7.5254134363e-01
2.9510000000e+01	7.5267157183e-01
2.9520000000e+01	7.5279405890e-01
2.9530000000e+01	7.5290992348e-01
2.9540000000e+01	7.5302049342e-01
2.9550000000e+01	7.5312728401e-01
2.9560000000e+01	7.5323197191e-01
2.9570000000e+01	7.5333636333e-01
2.9580000000e+01	7.5344234810e-01
2.9590000000e+01	7.5355185705e-01
2.9600000000e+01	7.5366680469e-01
2.9610000000e+01	7.5378892808e-01
2.9620000000e+01	7.5391967385e-01
2.9630000000e+01	7.5406022313e-01
2.9640000000e+01	7.5421060480e-01
2.9650000000e+01	7.5436924165e-01
2.9660000000e+01	7.5453519714e-01
2.9670000000e+01	7.5470948064e-01
2.9680000000e+01	7.5489358404e-01
2.9690000000e+01	7.5508854057e-01
2.9700000000e+01	7.5529498471e-01
2.9710000000e+01	7.5551320146e-01
2.9720000000e+01	7.5574316617e-01
2.9730000000e+01	7.5598457640e-01
2.9740000000e+01	7.5623687759e-01
2.9750000000e+01	7.5649928354e-01
2.9760000000e+01	7.5677079316e-01
2.9770000000e+01	7.5705020403e-01
2.9780000000e+01	7.5733612424e-01
2.9790000000e+01	7.5762698498e-01
2.9800000000e+01	7.5792105839e-01
2.9810000000e+01	7.5821648238e-01
2.9820000000e+01	7.5851128910e-01
2.9830000000e+01	7.5880344448e-01
2.9840000000e+01	7.5909090122e-01
2.9850000000e+01	7.5937163577e-01
2.9860000000e+01	7.5964372465e-01
2.9870000000e+01	7.5990552952e-01
2.9880000000e+01	7.6015644871e-01
2.9890000000e+01	7.6039778543e-01
2.9900000000e+01	7.6063169534e-01
2.9910000000e+01	7.6085922652e-01
2.9920000000e+01	7.6108011987e-01
2.9930000000e+01	7.6129358900e-01
2.9940000000e+01	7.6149876508e-01
2.9950000000e+01	7.6169489512e-01
2.9960000000e+01	7.6188142711e-01
2.9970000000e+01	7.6205804467e-01
2.9980000000e+01	7.6222467874e-01
2.9990000000e+01	7.6238150879e-01
3.0000000000e+01	7.6252895915e-01
3.0010000000e+01	7.6249669467e-01
3.0020000000e+01	7.6245660941e-01
3.0030000000e+01	7.6240982225e-01
3.0040000000e+01	7.6235766151e-01
3.0050000000e+01	7.6230164339e-01
3.0060000000e+01	7.6224344609e-01
3.0070000000e+01	7.6218487877e-01
3.0080000000e+01	7.6212783636e-01
3.0090000000e+01	7.6207425686e-01
3.0100000000e+01	7.6202606932e-01
3.0110000000e+01	7.6198503934e-01
3.0120000000e+01	7.6195264639e-01
3.0130000000e+01	7.6193013258e-01
3.0140000000e+01	7.6191765133e-01
3.0150000000e+01	7.6191370919e-01
3.0160000000e+01	7.6191733557e-01
3.0170000000e+01	7.6192948803e-01
3.0180000000e+01	7.6195163625e-01
3.0190000000e+01	7.6198479603e-01
3.0200000000e+01	7.6202958822e-01
3.0210000000e+01	7.6208628718e-01
3.0220000000e+01	7.6215485996e-01
3.0230000000e+01	7.6223499775e-01
3.0240000000e+01	7.6232614108e-01
3.0250000000e+01	7.6242750017e-01
3.0260000000e+01	7.6253807126e-01
3.0270000000e+01	7.6265665006e-01
3.0280000000e+01	7.6278184335e-01
3.0290000000e+01	7.6291208122e-01
3.0300000000e+01	7.6304563447e-01
3.0310000000e+01	7.6318063888e-01
3.0320000000e+01	7.6331512318e-01
3.0330000000e+01	7.6344704710e-01
3.0340000000e+01	7.6357435356e-01
3.0350000000e+01	7.6369500631e-01
3.0360000000e+01	7.6380705846e-01
3.0370000000e+01	7.6390883121e-01
3.0380000000e+01	7.6399961311e-01
3.0390000000e+01	7.6408056492e-01
3.0400000000e+01	7.6415382713e-01
3.0410000000e+01	7.6422052441e-01
3.0420000000e+01	7.6428044979e-01
3.0430000000e+01	7.6433284184e-01
3.0440000000e+01	7.6437684369e-01
3.0450000000e+01	7.6441170847e-01
3.0460000000e+01	7.6443688762e-01
3.0470000000e+01	7.6445206696e-01
3.0480000000e+01	7.6445717904e-01
3.0490000000e+01	7.6445240460e-01
3.0500000000e+01	7.6443816910e-01
3.0510000000e+01	7.6441513597e-01
3.0520000000e+01	7.6438419702e-01
3.0530000000e+01	7.6434646117e-01
3.0540000000e+01	7.6430324016e-01
3.0550000000e+01	7.6425602762e-01
3.0560000000e+01	7.6420647373e-01
3.0570000000e+01	7.6415635508e-01
3.0580000000e+01	7.6410753064e-01
3.0590000000e+01	7.6406189906e-01
3.0600000000e+01	7.6402135229e-01
3.0610000000e+01	7.6398762916e-01
3.0620000000e+01	7.6396218288e-01
3.0630000000e+01	7.6394626708e-01
3.0640000000e+01	7.6394016572e-01
3.0650000000e+01	7.6394244606e-01
3.0660000000e+01	7.6395197118e-01
3.0670000000e+01	7.6396954460e-01
3.0680000000e+01	7.6399658203e-01
3.0690000000e+01	7.6403405723e-01
3.0700000000e+01	7.6408255950e-01
3.0710000000e+01	7.6414234105e-01
3.0720000000e+01	7.6421335535e-01
3.0730000000e+01	7.6429528793e-01
3.0740000000e+01	7.6438758101e-01
3.0750000000e+01	7.6448945330e-01
3.0760000000e+01	7.6459991959e-01
3.0770000000e+01	7.6471781439e-01
3.0780000000e+01	7.6484181302e-01
3.0790000000e+01	7.6497044502e-01
3.0800000000e+01	7.6510210787e-01
3.0810000000e+01	7.6523508810e-01
3.0820000000e+01	7.6536758638e-01
3.0830000000e+01	7.6549775038e-01
3.0840000000e+01	7.6562372275e-01
3.0850000000e+01	7.6574368405e-01
3.0860000000e+01	7.6585589871e-01
3.0870000000e+01	7.6595886639e-01
3.0880000000e+01	7.6605174805e-01
3.0890000000e+01	7.6613539295e-01
3.0900000000e+01	7.6621221738e-01
3.0910000000e+01	7.6628409490e-01
3.0920000000e+01	7.6635141712e-01
3.0930000000e+01	7.6641379549e-01
3.0940000000e+01	7.6647061404e-01
3.0950000000e+01	7.6652128729e-01
3.0960000000e+01	7.6656537294e-01
3.0970000000e+01	7.6660261941e-01
3.0980000000e+01	7.6663298397e-01
3.0990000000e+01	7.6665663740e-01
3.1000000000e+01	7.6667396246e-01
3.1010000000e+01	7.6668554378e-01
3.1020000000e+01	7.6669214503e-01
3.1030000000e+01	7.6669468579e-01
3.1040000000e+01	7.6669422707e-01
3.1050000000e+01	7.6669195536e-01
3.1060000000e+01	7.6668916065e-01
3.1070000000e+01	7.6668720872e-01
3.1080000000e+01	7.6668749933e-01
3.1090000000e+01	7.6669142113e-01
3.1100000000e+01	7.6670029098e-01
3.1110000000e+01	7.6671519739e-01
3.1120000000e+01	7.6673689022e-01
3.1130000000e+01	7.6676586567e-01
3.1140000000e+01	7.6680164487e-01
3.1150000000e+01	7.6684221966e-01
3.1160000000e+01	7.6688585842e-01
3.1170000000e+01	7.6693261466e-01
3.1180000000e+01	7.6698346803e-01
3.1190000000e+01	7.6703927890e-01
3.1200000000e+01	7.6710057756e-01
3.1210000000e+01	7.6716761011e-01
3.1220000000e+01	7.6724037559e-01
3.1230000000e+01	7.6731865574e-01
3.1240000000e+01	7.6740203865e-01
3.1250000000e+01	7.6748993773e-01
3.1260000000e+01	7.6758161407e-01
3.1270000000e+01	7.6767621008e-01
3.1280000000e+01	7.6777278099e-01
3.1290000000e+01	7.6787031411e-01
3.1300000000e+01	7.6796774747e-01
3.1310000000e+01	7.6806399570e-01
3.1320000000e+01	7.6815799131e-01
3.1330000000e+01	7.6824873830e-01
3.1340000000e+01	7.6833537848e-01
3.1350000000e+01	7.6841734876e-01
3.1360000000e+01	7.6849452435e-01
3.1370000000e+01	7.6856768925e-01
3.1380000000e+01	7.6863907686e-01
3.1390000000e+01	7.6871134618e-01
3.1400000000e+01	7.6878598317e-01
3.1410000000e+01	7.6886322611e-01
3.1420000000e+01	7.6894273919e-01
3.1430000000e+01	7.6902400825e-01
3.1440000000e+01	7.6910652546e-01
3.1450000000e+01	7.6918987047e-01
3.1460000000e+01	7.6927370650e-01
3.1470000000e+01	7.6935775807e-01
3.1480000000e+01	7.6944186787e-01
3.1490000000e+01	7.6952605303e-01
3.1500000000e+01	7.6961049992e-01
3.1510000000e+01	7.6969553793e-01
3.1520000000e+01	7.6978159962e-01
3.1530000000e+01	7.6986917845e-01
3.1540000000e+01	7.6995879576e-01
3.1550000000e+01	7.7005096056e-01
3.1560000000e+01	7.7014611441e-01
3.1570000000e+01	7.7024451964e-01
3.1580000000e+01	7.7034606995e-01
3.1590000000e+01	7.7045024018e-01
3.1600000000e+01	7.7055604302e-01
3.1610000000e+01	7.7066147275e-01
3.1620000000e+01	7.7076372202e-01
3.1630000000e+01	7.7086074647e-01
3.1640000000e+01	7.7095190118e-01
3.1650000000e+01	7.7103750782e-01
3.1660000000e+01	7.7111842716e-01
3.1670000000e+01	7.7119553689e-01
3.1680000000e+01	7.7126947956e-01
3.1690000000e+01	7.7134070064e-01
3.1700000000e+01	7.7140948065e-01
3.1710000000e+01	7.7147596056e-01
3.1720000000e+01	7.7154016184e-01
3.1730000000e+01	7.7160200246e-01
3.1740000000e+01	7.7166130968e-01
3.1750000000e+01	7.7171783152e-01
3.1760000000e+01	7.7177125676e-01
3.1770000000e+01	7.7182125390e-01
3.1780000000e+01	7.7186752479e-01
3.1790000000e+01	7.7190986804e-01
3.1800000000e+01	7.7194831372e-01
3.1810000000e+01	7.7198333041e-01
3.1820000000e+01	7.7201598774e-01
3.1830000000e+01	7.7204850910e-01
3.1840000000e+01	7.7208427770e-01
3.1850000000e+01	7.7212626921e-01
3.1860000000e+01	7.7217604177e-01
3.1870000000e+01	7.7223410877e-01
3.1880000000e+01	7.7230043694e-01
3.1890000000e+01	7.7237475031e-01
3.1900000000e+01	7.7245670632e-01
3.1910000000e+01	7.7254598384e-01
3.1920000000e+01	7.7264231372e-01
3.1930000000e+01	7.7274548476e-01
3.1940000000e+01	7.7285529414e-01
3.1950000000e+01	7.7297150730e-01
3.1960000000e+01	7.7309392293e-01
3.1970000000e+01	7.7322242200e-01
3.1980000000e+01	7.7335695366e-01
3.1990000000e+01	7.7349751851e-01
3.2000000000e+01	7.7364414361e-01
3.2010000000e+01	7.7379682983e-01
3.2020000000e+01	7.7395540750e-01
3.2030000000e+01	7.7411929780e-01
3.2040000000e+01	7.7428717871e-01
3.2050000000e+01	7.7445641446e-01
3.2060000000e+01	7.7462334090e-01
3.2070000000e+01	7.7478482328e-01
3.2080000000e+01	7.7493903351e-01
3.2090000000e+01	7.7508505543e-01
3.2100000000e+01	7.7522245579e-01
3.2110000000e+01	7.7535103842e-01
3.2120000000e+01	7.7547071742e-01
3.2130000000e+01	7.7558149131e-01
3.2140000000e+01	7.7568343536e-01
3.2150000000e+01	7.7577662579e-01
3.2160000000e+01	7.7586109582e-01
3.2170000000e+01	7.7593684977e-01
3.2180000000e+01	7.7600387463e-01
3.2190000000e+01	7.7606214901e-01
3.2200000000e+01	7.7611164993e-01
3.2210000000e+01	7.7615235805e-01
3.2220000000e+01	7.7618426151e-01
3.2230000000e+01	7.7620735878e-01
3.2240000000e+01	7.7622166062e-01
3.2250000000e+01	7.7622719150e-01
3.2260000000e+01	7.7622399054e-01
3.2270000000e+01	7.7621211219e-01
3.2280000000e+01	7.7619162646e-01
3.2290000000e+01	7.7616261863e-01
3.2300000000e+01	7.7612518945e-01
3.2310000000e+01	7.7607945835e-01
3.2320000000e+01	7.7602558380e-01
3.2330000000e+01	7.7596380954e-01
3.2340000000e+01	7.7589449447e-01
3.2350000000e+01	7.7581822388e-01
3.2360000000e+01	7.7573595704e-01
3.2370000000e+01	7.7564877604e-01
3.2380000000e+01	7.7555738609e-01
3.2390000000e+01	7.7546196347e-01
3.2400000000e+01	7.7536240072e-01
3.2410000000e+01	7.7525869431e-01
3.2420000000e+01	7.7515118244e-01
3.2430000000e+01	7.7504046817e-01
3.2440000000e+01	7.7492722600e-01
3.2450000000e+01	7.7481208912e-01
3.2460000000e+01	7.7469559710e-01
3.2470000000e+01	7.7457816857e-01
3.2480000000e+01	7.7446009336e-01
3.2490000000e+01	7.7434153770e-01
3.2500000000e+01	7.7422256860e-01
3.2510000000e+01	7.7410320315e-01
3.2520000000e+01	7.7398347871e-01
3.2530000000e+01	7.7386352575e-01
3.2540000000e+01	7.7374361553e-01
3.2550000000e+01	7.7362416077e-01
3.2560000000e+01	7.7350567081e-01
3.2570000000e+01	7.7338868573e-01
3.2580000000e+01	7.7327371798e-01
3.2590000000e+01	7.7316121679e-01
3.2600000000e+01	7.7305155540e-01
3.2610000000e+01	7.7294503332e-01
3.2620000000e+01	7.7284188579e-01
3.2630000000e+01	7.7274229500e-01
3.2640000000e+01	7.7264640030e-01
3.2650000000e+01	7.7255430645e-01
3.2660000000e+01	7.7246608963e-01
3.2670000000e+01	7.7238180170e-01
3.2680000000e+01	7.7230147287e-01
3.2690000000e+01	7.7222511338e-01
3.2700000000e+01	7.7215271435e-01
3.2710000000e+01	7.7208424828e-01
3.2720000000e+01	7.7201966915e-01
3.2730000000e+01	7.7195890884e-01
3.2740000000e+01	7.7190181561e-01
3.2750000000e+01	7.7184805504e-01
3.2760000000e+01	7.7179712268e-01
3.2770000000e+01	7.7174847582e-01
3.2780000000e+01	7.7170165958e-01
3.2790000000e+01	7.7165635256e-01
3.2800000000e+01	7.7161232935e-01
3.2810000000e+01	7.7156938754e-01
3.2820000000e+01	7.7152729143e-01
3.2830000000e+01	7.7148575921e-01
3.2840000000e+01	7.7144448783e-01
3.2850000000e+01	7.7140319016e-01
3.2860000000e+01	7.7136162140e-01
3.2870000000e+01	7.7131958591e-01
3.2880000000e+01	7.7127692751e-01
3.2890000000e+01	7.7123351075e-01
3.2900000000e+01	7.7118920073e-01
3.2910000000e+01	7.7114384768e-01
3.2920000000e+01	7.7109728104e-01
3.2930000000e+01	7.7104931436e-01
3.2940000000e+01	7.7099975928e-01
3.2950000000e+01	7.7094844325e-01
3.2960000000e+01	7.7089522547e-01
3.2970000000e+01	7.7084000705e-01
3.2980000000e+01	7.7078273463e-01
3.2990000000e+01	7.7072339855e-01
3.3000000000e+01	7.7066202866e-01
3.3010000000e+01	7.7059870890e-01
3.3020000000e+01	7.7053360661e-01
3.3030000000e+01	7.7046697729e-01
3.3040000000e+01	7.7039914878e-01
3.3050000000e+01	7.7033049870e-01
3.3060000000e+01	7.7026142136e-01
3.3070000000e+01	7.7019229147e-01
3.3080000000e+01	7.7012343476e-01
3.3090000000e+01	7.7005511248e-01
3.3100000000e+01	7.6998752078e-01
3.3110000000e+01	7.6992080136e-01
3.3120000000e+01	7.6985505772e-01
3.3130000000e+01	7.6979037177e-01
3.3140000000e+01	7.6972681765e-01
3.3150000000e+01	7.6966447111e-01
3.3160000000e+01	7.6960341434e-01
3.3170000000e+01	7.6954373624e-01
3.3180000000e+01	7.6948552893e-01
3.3190000000e+01	7.6942888151e-01
3.3200000000e+01	7.6937387308e-01
3.3210000000e+01	7.6932056674e-01
3.3220000000e+01	7.6926900579e-01
3.3230000000e+01	7.6921921211e-01
3.3240000000e+01	7.6917118615e-01
3.3250000000e+01	7.6912490660e-01
3.3260000000e+01	7.6908032220e-01
3.3270000000e+01	7.6903733111e-01
3.3280000000e+01	7.6899576876e-01
3.3290000000e+01	7.6895541845e-01
3.3300000000e+01	7.6891603042e-01
3.3310000000e+01	7.6887734003e-01
3.3320000000e+01	7.6883908581e-01
3.3330000000e+01	7.6880102475e-01
3.3340000000e+01	7.6876294245e-01
3.3350000000e+01	7.6872465711e-01
3.3360000000e+01	7.6868601837e-01
3.3370000000e+01	7.6864690399e-01
3.3380000000e+01	7.6860721635e-01
3.3390000000e+01	7.6856687988e-01
3.3400000000e+01	7.6852583894e-01
3.3410000000e+01	7.6848405539e-01
3.3420000000e+01	7.6844150548e-01
3.3430000000e+01	7.6839817649e-01
3.3440000000e+01	7.6835406371e-01
3.3450000000e+01	7.6830916841e-01
3.3460000000e+01	7.6826349713e-01
3.3470000000e+01	7.6821706229e-01
3.3480000000e+01	7.6816988403e-01
3.3490000000e+01	7.6812199410e-01
3.3500000000e+01	7.6807344788e-01
3.3510000000e+01	7.6802433728e-01
3.3520000000e+01	7.6797478744e-01
3.3530000000e+01	7.6792494440e-01
3.3540000000e+01	7.6787496611e-01
3.3550000000e+01	7.6782501713e-01
3.3560000000e+01	7.6777526550e-01
3.3570000000e+01	7.6772587873e-01
3.3580000000e+01	7.6767701832e-01
3.3590000000e+01	7.6762883379e-01
3.3600000000e+01	7.6758145801e-01
3.3610000000e+01	7.6753500453e-01
3.3620000000e+01	7.6748956710e-01
3.3630000000e+01	7.6744522040e-01
3.3640000000e+01	7.6740202111e-01
3.3650000000e+01	7.6736000828e-01
3.3660000000e+01	7.6731920325e-01
3.3670000000e+01	7.6727960951e-01
3.3680000000e+01	7.6724121350e-01
3.3690000000e+01	7.6720398664e-01
3.3700000000e+01	7.6716788698e-01
3.3710000000e+01	7.6713285666e-01
3.3720000000e+01	7.6709882105e-01
3.3730000000e+01	7.6706569737e-01
3.3740000000e+01	7.6703340159e-01
3.3750000000e+01	7.6700184742e-01
3.3760000000e+01	7.6697094310e-01
3.3770000000e+01	7.6694058974e-01
3.3780000000e+01	7.6691068219e-01
3.3790000000e+01	7.6688111079e-01
3.3800000000e+01	7.6685176302e-01
3.3810000000e+01	7.6682252528e-01
3.3820000000e+01	7.6679328582e-01
3.3830000000e+01	7.6676393853e-01
3.3840000000e+01	7.6673438614e-01
3.3850000000e+01	7.6670454196e-01
3.3860000000e+01	7.6667433084e-01
3.3870000000e+01	7.6664369059e-01
3.3880000000e+01	7.6661257464e-01
3.3890000000e+01	7.6658095480e-01
3.3900000000e+01	7.6654882286e-01
3.3910000000e+01	7.6651618992e-01
3.3920000000e+01	7.6648308410e-01
3.3930000000e+01	7.6644954879e-01
3.3940000000e+01	7.6641564547e-01
3.3950000000e+01	7.6638145416e-01
3.3960000000e+01	7.6634706369e-01
3.3970000000e+01	7.6631256319e-01
3.3980000000e+01	7.6627804189e-01
3.3990000000e+01	7.6624359139e-01
3.4000000000e+01	7.6620930542e-01
3.4010000000e+01	7.6617527627e-01
3.4020000000e+01	7.6614159090e-01
3.4030000000e+01	7.6610832955e-01
3.4040000000e+01	7.6607556709e-01
3.4050000000e+01	7.6604337488e-01
3.4060000000e+01	7.6601182138e-01
3.4070000000e+01	7.6598097146e-01
3.4080000000e+01	7.6595088528e-01
3.4090000000e+01	7.6592161699e-01
3.4100000000e+01	7.6589321315e-01
3.4110000000e+01	7.6586571042e-01
3.4120000000e+01	7.6583913292e-01
3.4130000000e+01	7.6581349023e-01
3.4140000000e+01	7.6578877702e-01
3.4150000000e+01	7.6576497398e-01
3.4160000000e+01	7.6574204883e-01
3.4170000000e+01	7.6571995470e-01
3.4180000000e+01	7.6569862727e-01
3.4190000000e+01	7.6567798736e-01
3.4200000000e+01	7.6565794832e-01
3.4210000000e+01	7.6563842073e-01
3.4220000000e+01	7.6561931434e-01
3.4230000000e+01	7.6560054028e-01
3.4240000000e+01	7.6558201452e-01
3.4250000000e+01	7.6556366069e-01
3.4260000000e+01	7.6554541076e-01
3.4270000000e+01	7.6552720422e-01
3.4280000000e+01	7.6550898710e-01
3.4290000000e+01	7.6549071165e-01
3.4300000000e+01	7.6547233632e-01
3.4310000000e+01	7.6545382558e-01
3.4320000000e+01	7.6543514969e-01
3.4330000000e+01	7.6541628489e-01
3.4340000000e+01	7.6539721427e-01
3.4350000000e+01	7.6537792898e-01
3.4360000000e+01	7.6535842909e-01
3.4370000000e+01	7.6533872410e-01
3.4380000000e+01	7.6531883321e-01
3.4390000000e+01	7.6529878590e-01
3.4400000000e+01	7.6527862353e-01
3.4410000000e+01	7.6525840198e-01
3.4420000000e+01	7.6523819113e-01
3.4430000000e+01	7.6521806833e-01
3.4440000000e+01	7.6519811219e-01
3.4450000000e+01	7.6517839995e-01
3.4460000000e+01	7.6515900612e-01
3.4470000000e+01	7.6514000120e-01
3.4480000000e+01	7.6512145078e-01
3.4490000000e+01	7.6510341457e-01
3.4500000000e+01	7.6508594544e-01
3.4510000000e+01	7.6506908829e-01
3.4520000000e+01	7.6505287971e-01
3.4530000000e+01	7.6503734875e-01
3.4540000000e+01	7.6502251867e-01
3.4550000000e+01	7.6500840814e-01
3.4560000000e+01	7.6499503082e-01
3.4570000000e+01	7.6498239365e-01
3.4580000000e+01	7.6497049497e-01
3.4590000000e+01	7.6495932380e-01
3.4600000000e+01	7.6494886047e-01
3.4610000000e+01	7.6493907777e-01
3.4620000000e+01	7.6492994151e-01
3.4630000000e+01	7.6492140932e-01
3.4640000000e+01	7.6491342887e-01
3.4650000000e+01	7.6490593845e-01
3.4660000000e+01	7.6489887196e-01
3.4670000000e+01	7.6489216484e-01
3.4680000000e+01	7.6488575622e-01
3.4690000000e+01	7.6487958803e-01
3.4700000000e+01	7.6487360383e-01
3.4710000000e+01	7.6486774907e-01
3.4720000000e+01	7.6486197296e-01
3.4730000000e+01	7.6485623112e-01
3.4740000000e+01	7.6485048745e-01
3.4750000000e+01	7.6484471435e-01
3.4760000000e+01	7.6483889153e-01
3.4770000000e+01	7.6483300508e-01
3.4780000000e+01	7.6482704747e-01
3.4790000000e+01	7.6482101833e-01
3.4800000000e+01	7.6481492499e-01
3.4810000000e+01	7.6480878195e-01
3.4820000000e+01	7.6480260978e-01
3.4830000000e+01	7.6479643397e-01
3.4840000000e+01	7.6479028458e-01
3.4850000000e+01	7.6478419705e-01
3.4860000000e+01	7.6477821368e-01
3.4870000000e+01	7.6477238397e-01
3.4880000000e+01	7.6476676235e-01
3.4890000000e+01	7.6476140440e-01
3.4900000000e+01	7.6475636348e-01
3.4910000000e+01	7.6475168923e-01
3.4920000000e+01	7.6474742816e-01
3.4930000000e+01	7.6474362528e-01
3.4940000000e+01	7.6474032500e-01
3.4950000000e+01	7.6473757008e-01
3.4960000000e+01	7.6473539902e-01
3.4970000000e+01	7.6473384317e-01
3.4980000000e+01	7.6473292513e-01
3.4990000000e+01	7.6473265851e-01
nan	nan
nan	nan
nan	nan
nan	nan
nan	nan
nan	nan
nan	nan
nan	nan
nan	nan
nan	nan
nan	nan
nan	nan
nan	nan
nan	nan
nan	nan
nan	nan
nan	nan
nan	nan
nan	nan
nan	nan
nan	nan
nan	nan
nan	nan
nan	nan
nan	nan
nan	nan
nan	nan
nan	nan
nan	nan
nan	nan
nan	nan
nan	nan
nan	nan
nan	nan
nan	nan
nan	nan
nan	nan
nan	nan
nan	nan
nan	nan
nan	nan
nan	nan
nan	nan
nan	nan
nan	nan
nan	nan
nan	nan
nan	nan
nan	nan
nan	nan
nan	nan
nan	nan
nan	nan
nan	nan
nan	nan
nan	nan
nan	nan
nan	nan
nan	nan
nan	nan
nan	nan
nan	nan
nan	nan
nan	nan
nan	nan
nan	nan
nan	nan
nan	nan
nan	nan
nan	nan
nan	nan
nan	nan
nan	nan
nan	nan
nan	nan
nan	nan
nan	nan
nan	nan
nan	nan
nan	nan
nan	nan
nan	nan
nan	nan
nan	nan
nan	nan
nan	nan
nan	nan
nan	nan
nan	nan
nan	nan
nan	nan
nan	nan
nan	nan
nan	nan
nan	nan
nan	nan
nan	nan
nan	nan
nan	nan
nan	nan
nan	nan
nan	nan
nan	nan
nan	nan
nan	nan
nan	nan
nan	nan
nan	nan
nan	nan
nan	nan
nan	nan
nan	nan
nan	nan
nan	nan
nan	nan
nan	nan
nan	nan
nan	nan
nan	nan
nan	nan
nan	nan
nan	nan
nan	nan
nan	nan
nan	nan
nan	nan
nan	nan
nan	nan
nan	nan
nan	nan
nan	nan
nan	nan
nan	nan
nan	nan
nan	nan
nan	nan
nan	nan
nan	nan
nan	nan
nan	nan
nan	nan
nan	nan
nan	nan
nan	nan
nan	nan
nan	nan
nan	nan
nan	nan
nan	nan
nan	nan
nan	nan
nan	nan
nan	nan
nan	nan
nan	nan
nan	nan
nan	nan
nan	nan
nan	nan
nan	nan
nan	nan
nan	nan
nan	nan
nan	nan
nan	nan
nan	nan
nan	nan
nan	nan
nan	nan
nan	nan
nan	nan
nan	nan
nan	nan
nan	nan
nan	nan
nan	nan
nan	nan
nan	nan
nan	nan
nan	nan
nan	nan
nan	nan
nan	nan
nan	nan
nan	nan
nan	nan
nan	nan
nan	nan
nan	nan
nan	nan
nan	nan
nan	nan
nan	nan
nan	nan
nan	nan
nan	nan
nan	nan
nan	nan
nan	nan
nan	nan
nan	nan
nan	nan
nan	nan
nan	nan
nan	nan
nan	nan
nan	nan
nan	nan
nan	nan
nan	nan
nan	nan
nan	nan
nan	nan
nan	nan
nan	nan
nan	nan
nan	nan
nan	nan
nan	nan
nan	nan
nan	nan
nan	nan
nan	nan
nan	nan
nan	nan
nan	nan
nan	nan
nan	nan
nan	nan
nan	nan
nan	nan
nan	nan
nan	nan
nan	nan
nan	nan
nan	nan
nan	nan
nan	nan
nan	nan
nan	nan
nan	nan
nan	nan
nan	nan
nan	nan
nan	nan
nan	nan
nan	nan
nan	nan
nan	nan
nan	nan
nan	nan
nan	nan
nan	nan
nan	nan
nan	nan
nan	nan
nan	nan
nan	nan
nan	nan
nan	nan
nan	nan
nan	nan
nan	nan
nan	nan
nan	nan
nan	nan
nan	nan
nan	nan
nan	nan
nan	nan
nan	nan
nan	nan
nan	nan
nan	nan
nan	nan
nan	nan
nan	nan
nan	nan
nan	nan
nan	nan
nan	nan
nan	nan
nan	nan
nan	nan
nan	nan
nan	nan
nan	nan
nan	nan
nan	nan
nan	nan
nan	nan
nan	nan
nan	nan
nan	nan
nan	nan
nan	nan
nan	nan
nan	nan
nan	nan
nan	nan
nan	nan
nan	nan
nan	nan
nan	nan
nan	nan
nan	nan
nan	nan
nan	nan
nan	nan
nan	nan
nan	nan
nan	nan
nan	nan
nan	nan
nan	nan
nan	nan
nan	nan
nan	nan
nan	nan
nan	nan
nan	nan
nan	nan
nan	nan
nan	nan
nan	nan
nan	nan
nan	nan
nan	nan
nan	nan
nan	nan
nan	nan
nan	nan
nan	nan
nan	nan
nan	nan
nan	nan
nan	nan
nan	nan
nan	nan
nan	nan
nan	nan
nan	nan
nan	nan
nan	nan
nan	nan
nan	nan
nan	nan
nan	nan
nan	nan
nan	nan
nan	nan
nan	nan
nan	nan
nan	nan
nan	nan
nan	nan
nan	nan
nan	nan
nan	nan
nan	nan
nan	nan
nan	nan
nan	nan
nan	nan
nan	nan
nan	nan
nan	nan
nan	nan
nan	nan
nan	nan
nan	nan
nan	nan
nan	nan
nan	nan
nan	nan
nan	nan
nan	nan
nan	nan
nan	nan
nan	nan
nan	nan
nan	nan
nan	nan
nan	nan
nan	nan
nan	nan
nan	nan
nan	nan
nan	nan
nan	nan
nan	nan
nan	nan
nan	nan
nan	nan
nan	nan
nan	nan
nan	nan
nan	nan
nan	nan
nan	nan
nan	nan
nan	nan
nan	nan
nan	nan
nan	nan
nan	nan
nan	nan
nan	nan
nan	nan
nan	nan
nan	nan
nan	nan
nan	nan
nan	nan
nan	nan
nan	nan
nan	nan
nan	nan
nan	nan
nan	nan
nan	nan
nan	nan
nan	nan
nan	nan
nan	nan
nan	nan
nan	nan
nan	nan
nan	nan
nan	nan
nan	nan
nan	nan
nan	nan
nan	nan
nan	nan
nan	nan
nan	nan
nan	nan
nan	nan
nan	nan
nan	nan
nan	nan
nan	nan
nan	nan
nan	nan
nan	nan
nan	nan
nan	nan
nan	nan
nan	nan
nan	nan
nan	nan
nan	nan
nan	nan
nan	nan
nan	nan
nan	nan
nan	nan
nan	nan
nan	nan
nan	nan
nan	nan
nan	nan
nan	nan
nan	nan
nan	nan
nan	nan
nan	nan
nan	nan
nan	nan
nan	nan
nan	nan
nan	nan
nan	nan
nan	nan
nan	nan
nan	nan
nan	nan
nan	nan
nan	nan
nan	nan
nan	nan
nan	nan
nan	nan
nan	nan
nan	nan
nan	nan
nan	nan
nan	nan
nan	nan
nan	nan
nan	nan
nan	nan
nan	nan
nan	nan
nan	nan
nan	nan
nan	nan
nan	nan
nan	nan
nan	nan
nan	nan
nan	nan
nan	nan
nan	nan
nan	nan
nan	nan
nan	nan
nan	nan
nan	nan
nan	nan
nan	nan
nan	nan
nan	nan
nan	nan
nan	nan
nan	nan
nan	nan
nan	nan
nan	nan
nan	nan
nan	nan
nan	nan
nan	nan
nan	nan
nan	nan
nan	nan
nan	nan
nan	nan
nan	nan
nan	nan
nan	nan
nan	nan
nan	nan
nan	nan
nan	nan
nan	nan
nan	nan
nan	nan
nan	nan
nan	nan
nan	nan
nan	nan
nan	nan
nan	nan
nan	nan
nan	nan
nan	nan
nan	nan
nan	nan
nan	nan
nan	nan
nan	nan
nan	nan
nan	nan
nan	nan
nan	nan
nan	nan
nan	nan
nan	nan
nan	nan
nan	nan
nan	nan
nan	nan
nan	nan
nan	nan
nan	nan
nan	nan
nan	nan
nan	nan
nan	nan
nan	nan
nan	nan
nan	nan
nan	nan
nan	nan
nan	nan
nan	nan
nan	nan
nan	nan
nan	nan
nan	nan
nan	nan
nan	nan
nan	nan
nan	nan
nan	nan
nan	nan
nan	nan
nan	nan
nan	nan
nan	nan
nan	nan
nan	nan
nan	nan
nan	nan
nan	nan
nan	nan
nan	nan
nan	nan
nan	nan
nan	nan
nan	nan
nan	nan
nan	nan
nan	nan
nan	nan
nan	nan
nan	nan
nan	nan
nan	nan
nan	nan
nan	nan
nan	nan
nan	nan
nan	nan
nan	nan
nan	nan
nan	nan
nan	nan
nan	nan
nan	nan
nan	nan
nan	nan
nan	nan
nan	nan
nan	nan
nan	nan
nan	nan
nan	nan
nan	nan
nan	nan
nan	nan
nan	nan
nan	nan
nan	nan
nan	nan
nan	nan
nan	nan
nan	nan
nan	nan
nan	nan
nan	nan
nan	nan
nan	nan
nan	nan
nan	nan
nan	nan
nan	nan
nan	nan
nan	nan
nan	nan
nan	nan
nan	nan
nan	nan
nan	nan
nan	nan
nan	nan
nan	nan
nan	nan
nan	nan
nan	nan
nan	nan
nan	nan
nan	nan
nan	nan
nan	nan
nan	nan
nan	nan
nan	nan
nan	nan
nan	nan
nan	nan
nan	nan
nan	nan
nan	nan
nan	nan
nan	nan
nan	nan
nan	nan
nan	nan
nan	nan
nan	nan
nan	nan
nan	nan
nan	nan
nan	nan
nan	nan
nan	nan
nan	nan
nan	nan
nan	nan
nan	nan
nan	nan
nan	nan
nan	nan
nan	nan
nan	nan
nan	nan
nan	nan
nan	nan
nan	nan
nan	nan
nan	nan
nan	nan
nan	nan
nan	nan
nan	nan
nan	nan
nan	nan
nan	nan
nan	nan
nan	nan
nan	nan
nan	nan
nan	nan
nan	nan
nan	nan
nan	nan
nan	nan
nan	nan
nan	nan
nan	nan
nan	nan
nan	nan
nan	nan
nan	nan
nan	nan
nan	nan
nan	nan
nan	nan
nan	nan
nan	nan
nan	nan
nan	nan
nan	nan
nan	nan
nan	nan
nan	nan
nan	nan
nan	nan
nan	nan
nan	nan
nan	nan
nan	nan
nan	nan
nan	nan
nan	nan
nan	nan
nan	nan
nan	nan
nan	nan
nan	nan
nan	nan
nan	nan
nan	nan
nan	nan
nan	nan
nan	nan
nan	nan
nan	nan
nan	nan
nan	nan
nan	nan
nan	nan
nan	nan
nan	nan
nan	nan
nan	nan
nan	nan
nan	nan
nan	nan
nan	nan
nan	nan
nan	nan
nan	nan
nan	nan
nan	nan
nan	nan
nan	nan
nan	nan
nan	nan
nan	nan
nan	nan
nan	nan
nan	nan
nan	nan
nan	nan
nan	nan
nan	nan
nan	nan
nan	nan
nan	nan
nan	nan
nan	nan
nan	nan
nan	nan
nan	nan
nan	nan
nan	nan
nan	nan
nan	nan
nan	nan
nan	nan
nan	nan
nan	nan
nan	nan
nan	nan
nan	nan
nan	nan
nan	nan
nan	nan
nan	nan
nan	nan
nan	nan
nan	nan
nan	nan
nan	nan
nan	nan
nan	nan
nan	nan
nan	nan
nan	nan
nan	nan
nan	nan
nan	nan
nan	nan
nan	nan
nan	nan
nan	nan
nan	nan
nan	nan
nan	nan
nan	nan
nan	nan
nan	nan
nan	nan
nan	nan
nan	nan
nan	nan
nan	nan
nan	nan
nan	nan
nan	nan
nan	nan
nan	nan
nan	nan
nan	nan
nan	nan
nan	nan
nan	nan
nan	nan
nan	nan
nan	nan
nan	nan
nan	nan
nan	nan
nan	nan
nan	nan
nan	nan
nan	nan
nan	nan
nan	nan
nan	nan
nan	nan
nan	nan
nan	nan
nan	nan
nan	nan
nan	nan
nan	nan
nan	nan
nan	nan
nan	nan
nan	nan
nan	nan
nan	nan
nan	nan
nan	nan
nan	nan
nan	nan
nan	nan
nan	nan
nan	nan
nan	nan
nan	nan
nan	nan
nan	nan
nan	nan
nan	nan
nan	nan
nan	nan
nan	nan
nan	nan
nan	nan
nan	nan
nan	nan
nan	nan
nan	nan
nan	nan
nan	nan
nan	nan
nan	nan
nan	nan
nan	nan
nan	nan
nan	nan
nan	nan
nan	nan
nan	nan
nan	nan
nan	nan
nan	nan
nan	nan
nan	nan
nan	nan
nan	nan
nan	nan
nan	nan
nan	nan
nan	nan
nan	nan
nan	nan
nan	nan
nan	nan
nan	nan
nan	nan
nan	nan
nan	nan
nan	nan
nan	nan
nan	nan
nan	nan
nan	nan
nan	nan
nan	nan
nan	nan
nan	nan
nan	nan
nan	nan
nan	nan
nan	nan
nan	nan
nan	nan
nan	nan
nan	nan
nan	nan
nan	nan
nan	nan
nan	nan
nan	nan
nan	nan
nan	nan
nan	nan
nan	nan
nan	nan
nan	nan
nan	nan
nan	nan
nan	nan
nan	nan
nan	nan
nan	nan
nan	nan
nan	nan
nan	nan
nan	nan
nan	nan
nan	nan
nan	nan
nan	nan
nan	nan
nan	nan
nan	nan
nan	nan
nan	nan
nan	nan
nan	nan
nan	nan
nan	nan
nan	nan
nan	nan
nan	nan
nan	nan
nan	nan
nan	nan
nan	nan
nan	nan
nan	nan
nan	nan
nan	nan
nan	nan
nan	nan
nan	nan
nan	nan
nan	nan
nan	nan
nan	nan
nan	nan
nan	nan
nan	nan
nan	nan
nan	nan
nan	nan
nan	nan
nan	nan
nan	nan
nan	nan
nan	nan
nan	nan
nan	nan
nan	nan
nan	nan
nan	nan
nan	nan
nan	nan
nan	nan
nan	nan
nan	nan
nan	nan
nan	nan
nan	nan
nan	nan
nan	nan
nan	nan
nan	nan
nan	nan
nan	nan
nan	nan
nan	nan
nan	nan
nan	nan
nan	nan
nan	nan
nan	nan
nan	nan
nan	nan
nan	nan
nan	nan
nan	nan
nan	nan
nan	nan
nan	nan
nan	nan
nan	nan
nan	nan
nan	nan
nan	nan
nan	nan
nan	nan
nan	nan
nan	nan
nan	nan
nan	nan
nan	nan
nan	nan
nan	nan
nan	nan
nan	nan
nan	nan
nan	nan
nan	nan
nan	nan
nan	nan
nan	nan
nan	nan
nan	nan
nan	nan
nan	nan
nan	nan
nan	nan
nan	nan
nan	nan
nan	nan
nan	nan
nan	nan
nan	nan
nan	nan
nan	nan
nan	nan
nan	nan
nan	nan
nan	nan
nan	nan
nan	nan
nan	nan
nan	nan
nan	nan
nan	nan
nan	nan
nan	nan
nan	nan
nan	nan
nan	nan
nan	nan
nan	nan
nan	nan
nan	nan
nan	nan
nan	nan
nan	nan
nan	nan
nan	nan
nan	nan
nan	nan
nan	nan
nan	nan
nan	nan
nan	nan
nan	nan
nan	nan
nan	nan
nan	nan
nan	nan
nan	nan
nan	nan
nan	nan
nan	nan
nan	nan
nan	nan
nan	nan
nan	nan
nan	nan
nan	nan
nan	nan
nan	nan
nan	nan
nan	nan
nan	nan
nan	nan
nan	nan
nan	nan
nan	nan
nan	nan
nan	nan
nan	nan
nan	nan
nan	nan
nan	nan
nan	nan
nan	nan
nan	nan
nan	nan
nan	nan
nan	nan
nan	nan
nan	nan
nan	nan
nan	nan
nan	nan
nan	nan
nan	nan
nan	nan
nan	nan
nan	nan
nan	nan
nan	nan
nan	nan
nan	nan
nan	nan
nan	nan
nan	nan
nan	nan
nan	nan
nan	nan
nan	nan
nan	nan
nan	nan
nan	nan
nan	nan
nan	nan
nan	nan
nan	nan
nan	nan
nan	nan
nan	nan
nan	nan
nan	nan
nan	nan
nan	nan
nan	nan
nan	nan
nan	nan
nan	nan
nan	nan
nan	nan
nan	nan
nan	nan
nan	nan
nan	nan
nan	nan
nan	nan
nan	nan
nan	nan
nan	nan
nan	nan
nan	nan
nan	nan
nan	nan
nan	nan
nan	nan
nan	nan
nan	nan
nan	nan
nan	nan
nan	nan
nan	nan
nan	nan
nan	nan
nan	nan
nan	nan
nan	nan
nan	nan
nan	nan
nan	nan
nan	nan
nan	nan
nan	nan
nan	nan
nan	nan
nan	nan
nan	nan
nan	nan
nan	nan
nan	nan
nan	nan
nan	nan
nan	nan
nan	nan
nan	nan
nan	nan
nan	nan
nan	nan
nan	nan
nan	nan
nan	nan
nan	nan
nan	nan
nan	nan
nan	nan
nan	nan
nan	nan
nan	nan
nan	nan
nan	nan
nan	nan
nan	nan
nan	nan
nan	nan
nan	nan
nan	nan
nan	nan
nan	nan
nan	nan
nan	nan
nan	nan
nan	nan
nan	nan
nan	nan
nan	nan
nan	nan
nan	nan
nan	nan
nan	nan
nan	nan
nan	nan
nan	nan
nan	nan
nan	nan
nan	nan
nan	nan
nan	nan
nan	nan
nan	nan
nan	nan
nan	nan
nan	nan
nan	nan
nan	nan
nan	nan
nan	nan
nan	nan
nan	nan
nan	nan
nan	nan
nan	nan
nan	nan
nan	nan
nan	nan
nan	nan
nan	nan
nan	nan
nan	nan
nan	nan
nan	nan
nan	nan
nan	nan
nan	nan
nan	nan
nan	nan
nan	nan
nan	nan
nan	nan
nan	nan
nan	nan
nan	nan
nan	nan
nan	nan
nan	nan
nan	nan
nan	nan
nan	nan
nan	nan
nan	nan
nan	nan
nan	nan
nan	nan
nan	nan
nan	nan
nan	nan
nan	nan
nan	nan
nan	nan
nan	nan
nan	nan
nan	nan
nan	nan
nan	nan
nan	nan
nan	nan
nan	nan
nan	nan
nan	nan
nan	nan
nan	nan
nan	nan
nan	nan
nan	nan
nan	nan
nan	nan
nan	nan
nan	nan
nan	nan
nan	nan
nan	nan
nan	nan
nan	nan
nan	nan
nan	nan
nan	nan
nan	nan
nan	nan
nan	nan
nan	nan
nan	nan
nan	nan
nan	nan
nan	nan
nan	nan
nan	nan
nan	nan
nan	nan
nan	nan
nan	nan
nan	nan
nan	nan
nan	nan
nan	nan
nan	nan
nan	nan
nan	nan
nan	nan
nan	nan
nan	nan
nan	nan
nan	nan
nan	nan
nan	nan
nan	nan
nan	nan
nan	nan
nan	nan
nan	nan
nan	nan
nan	nan
nan	nan
nan	nan
nan	nan
nan	nan
nan	nan
nan	nan
nan	nan
nan	nan
nan	nan
nan	nan
nan	nan
nan	nan
nan	nan
nan	nan
nan	nan
nan	nan
nan	nan
nan	nan
nan	nan
nan	nan
nan	nan
nan	nan
nan	nan
nan	nan
nan	nan
nan	nan
nan	nan
nan	nan
nan	nan
nan	nan
nan	nan
nan	nan
nan	nan
nan	nan
nan	nan
nan	nan
nan	nan
nan	nan
nan	nan
nan	nan
nan	nan
nan	nan
nan	nan
nan	nan
nan	nan
nan	nan
nan	nan
nan	nan
nan	nan
nan	nan
nan	nan
nan	nan
nan	nan
nan	nan
nan	nan
nan	nan
nan	nan
nan	nan
nan	nan
nan	nan
nan	nan
nan	nan
nan	nan
nan	nan
nan	nan
nan	nan
nan	nan
nan	nan
nan	nan
nan	nan
nan	nan
nan	nan
nan	nan
nan	nan
nan	nan
nan	nan
nan	nan
nan	nan
nan	nan
nan	nan
nan	nan
nan	nan
nan	nan
nan	nan
nan	nan
nan	nan
nan	nan
nan	nan
nan	nan
nan	nan
nan	nan
nan	nan
nan	nan
nan	nan
nan	nan
nan	nan
nan	nan
nan	nan
nan	nan
nan	nan
nan	nan
nan	nan
nan	nan
nan	nan
nan	nan
nan	nan
nan	nan
nan	nan
nan	nan
nan	nan
nan	nan
nan	nan
nan	nan
nan	nan
nan	nan
nan	nan
nan	nan
nan	nan
nan	nan
nan	nan
nan	nan
nan	nan
nan	nan
nan	nan
nan	nan
nan	nan
nan	nan
nan	nan
nan	nan
nan	nan
nan	nan
nan	nan
nan	nan
nan	nan
nan	nan
nan	nan
nan	nan
nan	nan
nan	nan
nan	nan
nan	nan
nan	nan
nan	nan
nan	nan
nan	nan
nan	nan
nan	nan
nan	nan
nan	nan
nan	nan
nan	nan
nan	nan
nan	nan
nan	nan
nan	nan
nan	nan
nan	nan
nan	nan
nan	nan
nan	nan
nan	nan
nan	nan
nan	nan
nan	nan
nan	nan
nan	nan
nan	nan
nan	nan
nan	nan
nan	nan
nan	nan
nan	nan
nan	nan
nan	nan
nan	nan
nan	nan
nan	nan
nan	nan
nan	nan
nan	nan
nan	nan
nan	nan
nan	nan
nan	nan
nan	nan
nan	nan
nan	nan
nan	nan
nan	nan
nan	nan
nan	nan
nan	nan
nan	nan
nan	nan
nan	nan
nan	nan
nan	nan
nan	nan
nan	nan
nan	nan
nan	nan
nan	nan
nan	nan
nan	nan
nan	nan
nan	nan
nan	nan
nan	nan
nan	nan
nan	nan
nan	nan
nan	nan
nan	nan
nan	nan
nan	nan
nan	nan
nan	nan
nan	nan
nan	nan
nan	nan
nan	nan
nan	nan
nan	nan
nan	nan
nan	nan
nan	nan
nan	nan
nan	nan
nan	nan
nan	nan
nan	nan
nan	nan
nan	nan
nan	nan
nan	nan
nan	nan
nan	nan
nan	nan
nan	nan
nan	nan
nan	nan
nan	nan
nan	nan
nan	nan
nan	nan
nan	nan
nan	nan
nan	nan
nan	nan
nan	nan
nan	nan
nan	nan
nan	nan
nan	nan
nan	nan
nan	nan
nan	nan
nan	nan
nan	nan
nan	nan
nan	nan
nan	nan
nan	nan
nan	nan
nan	nan
nan	nan
nan	nan
nan	nan
nan	nan
nan	nan
nan	nan
nan	nan
nan	nan
nan	nan
nan	nan
nan	nan
nan	nan
nan	nan
nan	nan
nan	nan
nan	nan
nan	nan
nan	nan
nan	nan
nan	nan
nan	nan
nan	nan
nan	nan
nan	nan
nan	nan
nan	nan
nan	nan
nan	nan
nan	nan
nan	nan
nan	nan
nan	nan
nan	nan
nan	nan
nan	nan
nan	nan
nan	nan
nan	nan
nan	nan
nan	nan
nan	nan
nan	nan
nan	nan
nan	nan
nan	nan
nan	nan
nan	nan
nan	nan
nan	nan
nan	nan
nan	nan
nan	nan
nan	nan
nan	nan
nan	nan
nan	nan
nan	nan
nan	nan
nan	nan
nan	nan
nan	nan
nan	nan
nan	nan
nan	nan
nan	nan
nan	nan
nan	nan
nan	nan
nan	nan
nan	nan
nan	nan
nan	nan
nan	nan
nan	nan
nan	nan
nan	nan
nan	nan
nan	nan
nan	nan
nan	nan
nan	nan
nan	nan
nan	nan
nan	nan
nan	nan
nan	nan
nan	nan
nan	nan
nan	nan
nan	nan
nan	nan
nan	nan
nan	nan
nan	nan
nan	nan
nan	nan
nan	nan
nan	nan
nan	nan
nan	nan
nan	nan
nan	nan
nan	nan
nan	nan
nan	nan
nan	nan
nan	nan
nan	nan
nan	nan
nan	nan
nan	nan
nan	nan
nan	nan
nan	nan
nan	nan
nan	nan
nan	nan
nan	nan
nan	nan
nan	nan
nan	nan
nan	nan
nan	nan
nan	nan
nan	nan
nan	nan
nan	nan
nan	nan
nan	nan
nan	nan
nan	nan
nan	nan
nan	nan
nan	nan
nan	nan
nan	nan
nan	nan
nan	nan
nan	nan
nan	nan
nan	nan
nan	nan
nan	nan
nan	nan
nan	nan
nan	nan
nan	nan
nan	nan
nan	nan
nan	nan
nan	nan
nan	nan
nan	nan
nan	nan
nan	nan
nan	nan
nan	nan
nan	nan
nan	nan
nan	nan
nan	nan
nan	nan
nan	nan
nan	nan
nan	nan
nan	nan
nan	nan
nan	nan
nan	nan
nan	nan
nan	nan
nan	nan
nan	nan
nan	nan
nan	nan
nan	nan
nan	nan
nan	nan
nan	nan
nan	nan
nan	nan
nan	nan
nan	nan
nan	nan
nan	nan
nan	nan
nan	nan
nan	nan
nan	nan
nan	nan
nan	nan
nan	nan
nan	nan
nan	nan
nan	nan
nan	nan
nan	nan
nan	nan
nan	nan
nan	nan
nan	nan
nan	nan
nan	nan
nan	nan
nan	nan
nan	nan
nan	nan
nan	nan
nan	nan
nan	nan
nan	nan
nan	nan
nan	nan
nan	nan
nan	nan
nan	nan
nan	nan
nan	nan
nan	nan
nan	nan
nan	nan
nan	nan
nan	nan
nan	nan
nan	nan
nan	nan
nan	nan
nan	nan
nan	nan
nan	nan
nan	nan
nan	nan
nan	nan
nan	nan
nan	nan
nan	nan
nan	nan
nan	nan
nan	nan
nan	nan
nan	nan
nan	nan
nan	nan
nan	nan
nan	nan
nan	nan
nan	nan
nan	nan
nan	nan
nan	nan
nan	nan
nan	nan
nan	nan
nan	nan
nan	nan
nan	nan
nan	nan
nan	nan
nan	nan
nan	nan
nan	nan
nan	nan
nan	nan
nan	nan
nan	nan
nan	nan
nan	nan
nan	nan
nan	nan
nan	nan
nan	nan
nan	nan
nan	nan
nan	nan
nan	nan
nan	nan
nan	nan
nan	nan
nan	nan
nan	nan
nan	nan
nan	nan
nan	nan
nan	nan
nan	nan
nan	nan
nan	nan
nan	nan
nan	nan
nan	nan
nan	nan
nan	nan
nan	nan
nan	nan
nan	nan
nan	nan
nan	nan
nan	nan
nan	nan
nan	nan
nan	nan
nan	nan
nan	nan
nan	nan
nan	nan
nan	nan
nan	nan
nan	nan
nan	nan
nan	nan
nan	nan
nan	nan
nan	nan
nan	nan
nan	nan
nan	nan
nan	nan
nan	nan
nan	nan
nan	nan
nan	nan
nan	nan
nan	nan
nan	nan
nan	nan
nan	nan
nan	nan
nan	nan
nan	nan
nan	nan
nan	nan
nan	nan
nan	nan
nan	nan
nan	nan
nan	nan
nan	nan
nan	nan
nan	nan
nan	nan
nan	nan
nan	nan
nan	nan
nan	nan
nan	nan
nan	nan
nan	nan
nan	nan
nan	nan
nan	nan
nan	nan
nan	nan
nan	nan
nan	nan
nan	nan
nan	nan
nan	nan
nan	nan
nan	nan
nan	nan
nan	nan
nan	nan
nan	nan
nan	nan
nan	nan
nan	nan
nan	nan
nan	nan
nan	nan
nan	nan
nan	nan
nan	nan
nan	nan
nan	nan
nan	nan
nan	nan
nan	nan
nan	nan
nan	nan
nan	nan
nan	nan
nan	nan
nan	nan
nan	nan
nan	nan
nan	nan
nan	nan
nan	nan
nan	nan
nan	nan
nan	nan
nan	nan
nan	nan
nan	nan
nan	nan
nan	nan
nan	nan
nan	nan
nan	nan
nan	nan
nan	nan
nan	nan
nan	nan
nan	nan
nan	nan
nan	nan
nan	nan
nan	nan
nan	nan
nan	nan
nan	nan
nan	nan
nan	nan
nan	nan
nan	nan
nan	nan
nan	nan
nan	nan
nan	nan
nan	nan
nan	nan
nan	nan
nan	nan
nan	nan
nan	nan
nan	nan
nan	nan
nan	nan
nan	nan
nan	nan
nan	nan
nan	nan
nan	nan
nan	nan
nan	nan
nan	nan
nan	nan
nan	nan
nan	nan
nan	nan
nan	nan
nan	nan
nan	nan
nan	nan
nan	nan
nan	nan
nan	nan
nan	nan
nan	nan
nan	nan
nan	nan
nan	nan
nan	nan
nan	nan
nan	nan
nan	nan
nan	nan
nan	nan
nan	nan
nan	nan
nan	nan
nan	nan
nan	nan
nan	nan
nan	nan
nan	nan
nan	nan
nan	nan
nan	nan
nan	nan
nan	nan
nan	nan
nan	nan
nan	nan
nan	nan
nan	nan
nan	nan
nan	nan
nan	nan
nan	nan
nan	nan
nan	nan
nan	nan
nan	nan
nan	nan
nan	nan
nan	nan
nan	nan
nan	nan
nan	nan
nan	nan
nan	nan
nan	nan
nan	nan
nan	nan
nan	nan
nan	nan
nan	nan
nan	nan
nan	nan
nan	nan
nan	nan
nan	nan
nan	nan
nan	nan
nan	nan
nan	nan
nan	nan
nan	nan
nan	nan
nan	nan
nan	nan
nan	nan
nan	nan
nan	nan
nan	nan
nan	nan
nan	nan
nan	nan
nan	nan
nan	nan
nan	nan
nan	nan
nan	nan
nan	nan
nan	nan
nan	nan
nan	nan
nan	nan
nan	nan
nan	nan
nan	nan
nan	nan
nan	nan
nan	nan
nan	nan
nan	nan
nan	nan
nan	nan
nan	nan
nan	nan
nan	nan
nan	nan
nan	nan
nan	nan
nan	nan
nan	nan
nan	nan
nan	nan
nan	nan
nan	nan
nan	nan
nan	nan
nan	nan
nan	nan
nan	nan
nan	nan
nan	nan
nan	nan
nan	nan
nan	nan
nan	nan
nan	nan
nan	nan
nan	nan
nan	nan
nan	nan
nan	nan
nan	nan
nan	nan
nan	nan
nan	nan
nan	nan
nan	nan
nan	nan
nan	nan
nan	nan
nan	nan
nan	nan
nan	nan
nan	nan
nan	nan
nan	nan
nan	nan
nan	nan
nan	nan
nan	nan
nan	nan
nan	nan
nan	nan
nan	nan
nan	nan
nan	nan
nan	nan
nan	nan
nan	nan
nan	nan
nan	nan
nan	nan
nan	nan
nan	nan
nan	nan
nan	nan
nan	nan
nan	nan
nan	nan
nan	nan
nan	nan
nan	nan
nan	nan
nan	nan
nan	nan
nan	nan
nan	nan
nan	nan
nan	nan
nan	nan
nan	nan
nan	nan
nan	nan
nan	nan
nan	nan
nan	nan
nan	nan
nan	nan
nan	nan
nan	nan
nan	nan
nan	nan
nan	nan
nan	nan
nan	nan
nan	nan
nan	nan
nan	nan
nan	nan
nan	nan
nan	nan
nan	nan
nan	nan
nan	nan
nan	nan
nan	nan
nan	nan
nan	nan
nan	nan
nan	nan
nan	nan
nan	nan
nan	nan
nan	nan
nan	nan
nan	nan
nan	nan
nan	nan
nan	nan
nan	nan
nan	nan
nan	nan
nan	nan
nan	nan
nan	nan
nan	nan
nan	nan
nan	nan
nan	nan
nan	nan
nan	nan
nan	nan
nan	nan
nan	nan
nan	nan
nan	nan
nan	nan
nan	nan
nan	nan
nan	nan
nan	nan
nan	nan
nan	nan
nan	nan
nan	nan
nan	nan
nan	nan
nan	nan
nan	nan
nan	nan
nan	nan
nan	nan
nan	nan
nan	nan
nan	nan
nan	nan
nan	nan
nan	nan
nan	nan
nan	nan
nan	nan
nan	nan
nan	nan
nan	nan
nan	nan
nan	nan
nan	nan
nan	nan
nan	nan
nan	nan
nan	nan
nan	nan
nan	nan
nan	nan
nan	nan
nan	nan
nan	nan
nan	nan
nan	nan
nan	nan
nan	nan
nan	nan
nan	nan
nan	nan
nan	nan
nan	nan
nan	nan
nan	nan
nan	nan
nan	nan
nan	nan
nan	nan
nan	nan
nan	nan
nan	nan
nan	nan
nan	nan
nan	nan
nan	nan
nan	nan
nan	nan
nan	nan
nan	nan
nan	nan
nan	nan
nan	nan
nan	nan
nan	nan
nan	nan
nan	nan
nan	nan
nan	nan
nan	nan
nan	nan
nan	nan
nan	nan
nan	nan
nan	nan
nan	nan
nan	nan
nan	nan
nan	nan
nan	nan
nan	nan
nan	nan
nan	nan
nan	nan
nan	nan
nan	nan
nan	nan
nan	nan
nan	nan
nan	nan
nan	nan
nan	nan
nan	nan
nan	nan
nan	nan
nan	nan
nan	nan
nan	nan
nan	nan
nan	nan
nan	nan
nan	nan
nan	nan
nan	nan
nan	nan
nan	nan
nan	nan
nan	nan
nan	nan
nan	nan
nan	nan
nan	nan
nan	nan
nan	nan
nan	nan
nan	nan
nan	nan
nan	nan
nan	nan
nan	nan
nan	nan
nan	nan
nan	nan
nan	nan
nan	nan
nan	nan
nan	nan
nan	nan
nan	nan
nan	nan
nan	nan
nan	nan
nan	nan
nan	nan
nan	nan
nan	nan
nan	nan
nan	nan
nan	nan
nan	nan
nan	nan
nan	nan
nan	nan
nan	nan
nan	nan
nan	nan
nan	nan
nan	nan
nan	nan
nan	nan
nan	nan
nan	nan
nan	nan
nan	nan
nan	nan
nan	nan
nan	nan
nan	nan
nan	nan
nan	nan
nan	nan
nan	nan
nan	nan
nan	nan
nan	nan
nan	nan
nan	nan
nan	nan
nan	nan
nan	nan
nan	nan
nan	nan
nan	nan
nan	nan
nan	nan
nan	nan
nan	nan
nan	nan
nan	nan
nan	nan
nan	nan
nan	nan
nan	nan
nan	nan
nan	nan
nan	nan
nan	nan
nan	nan
nan	nan
nan	nan
nan	nan
nan	nan
nan	nan
nan	nan
nan	nan
nan	nan
nan	nan
nan	nan
nan	nan
nan	nan
nan	nan
nan	nan
nan	nan
nan	nan
nan	nan
nan	nan
nan	nan
nan	nan
nan	nan
nan	nan
nan	nan
nan	nan
nan	nan
nan	nan
nan	nan
nan	nan
nan	nan
nan	nan
nan	nan
nan	nan
nan	nan
nan	nan
nan	nan
nan	nan
nan	nan
nan	nan
nan	nan
nan	nan
nan	nan
nan	nan
nan	nan
nan	nan
nan	nan
nan	nan
nan	nan
nan	nan
nan	nan
nan	nan
nan	nan
nan	nan
nan	nan
nan	nan
nan	nan
nan	nan
nan	nan
nan	nan
nan	nan
nan	nan
nan	nan
nan	nan
nan	nan
nan	nan
nan	nan
nan	nan
nan	nan
nan	nan
nan	nan
nan	nan
nan	nan
nan	nan
nan	nan
nan	nan
nan	nan
nan	nan
nan	nan
nan	nan
nan	nan
nan	nan
nan	nan
nan	nan
nan	nan
nan	nan
nan	nan
nan	nan
nan	nan
nan	nan
nan	nan
nan	nan
nan	nan
nan	nan
nan	nan
nan	nan
nan	nan
nan	nan
nan	nan
nan	nan
nan	nan
nan	nan
nan	nan
nan	nan
nan	nan
nan	nan
nan	nan
nan	nan
nan	nan
nan	nan
nan	nan
nan	nan
nan	nan
nan	nan
nan	nan
nan	nan
nan	nan
nan	nan
nan	nan
nan	nan
nan	nan
nan	nan
nan	nan
nan	nan
nan	nan
nan	nan
nan	nan
nan	nan
nan	nan
nan	nan
nan	nan
nan	nan
nan	nan
nan	nan
nan	nan
nan	nan
nan	nan
nan	nan
nan	nan
nan	nan
nan	nan
nan	nan
nan	nan
nan	nan
nan	nan
nan	nan
nan	nan
nan	nan
nan	nan
nan	nan
nan	nan
nan	nan
nan	nan
nan	nan
nan	nan
nan	nan
nan	nan
nan	nan
nan	nan
nan	nan
nan	nan
nan	nan
nan	nan
nan	nan
nan	nan
nan	nan
nan	nan
nan	nan
nan	nan
nan	nan
nan	nan
nan	nan
nan	nan
nan	nan
nan	nan
nan	nan
nan	nan
nan	nan
nan	nan
nan	nan
nan	nan
nan	nan
nan	nan
nan	nan
nan	nan
nan	nan
nan	nan
nan	nan
nan	nan
nan	nan
nan	nan
nan	nan
nan	nan
nan	nan
nan	nan
nan	nan
nan	nan
nan	nan
nan	nan
nan	nan
nan	nan
nan	nan
nan	nan
nan	nan
nan	nan
nan	nan
nan	nan
nan	nan
nan	nan
nan	nan
nan	nan
nan	nan
nan	nan
nan	nan
nan	nan
nan	nan
nan	nan
nan	nan
nan	nan
nan	nan
nan	nan
nan	nan
nan	nan
nan	nan
nan	nan
nan	nan
nan	nan
nan	nan
nan	nan
nan	nan
nan	nan
nan	nan
nan	nan
nan	nan
nan	nan
nan	nan
nan	nan
nan	nan
nan	nan
nan	nan
nan	nan
nan	nan
nan	nan
nan	nan
nan	nan
nan	nan
nan	nan
nan	nan
nan	nan
nan	nan
nan	nan
nan	nan
nan	nan
nan	nan
nan	nan
nan	nan
nan	nan
nan	nan
nan	nan
nan	nan
nan	nan
nan	nan
nan	nan
nan	nan
nan	nan
nan	nan
nan	nan
nan	nan
nan	nan
nan	nan
nan	nan
nan	nan
nan	nan
nan	nan
nan	nan
nan	nan
nan	nan
nan	nan
nan	nan
nan	nan
nan	nan
nan	nan
nan	nan
nan	nan
nan	nan
nan	nan
nan	nan
nan	nan
nan	nan
nan	nan
nan	nan
nan	nan
nan	nan
nan	nan
nan	nan
nan	nan
nan	nan
nan	nan
nan	nan
nan	nan
nan	nan
nan	nan
nan	nan
nan	nan
nan	nan
nan	nan
nan	nan
nan	nan
nan	nan
nan	nan
nan	nan
nan	nan
nan	nan
nan	nan
nan	nan
nan	nan
nan	nan
nan	nan
nan	nan
nan	nan
nan	nan
nan	nan
nan	nan
nan	nan
nan	nan
nan	nan
nan	nan
nan	nan
nan	nan
nan	nan
nan	nan
nan	nan
nan	nan
nan	nan
nan	nan
nan	nan
nan	nan
nan	nan
nan	nan
nan	nan
nan	nan
nan	nan
nan	nan
nan	nan
nan	nan
nan	nan
nan	nan
nan	nan
nan	nan
nan	nan
nan	nan
nan	nan
nan	nan
nan	nan
nan	nan
nan	nan
nan	nan
nan	nan
nan	nan
nan	nan
nan	nan
nan	nan
nan	nan
nan	nan
nan	nan
nan	nan
nan	nan
nan	nan
nan	nan
nan	nan
nan	nan
nan	nan
nan	nan
nan	nan
nan	nan
nan	nan
nan	nan
nan	nan
nan	nan
nan	nan
nan	nan
nan	nan
nan	nan
nan	nan
nan	nan
nan	nan
nan	nan
nan	nan
nan	nan
nan	nan
nan	nan
nan	nan
nan	nan
nan	nan
nan	nan
nan	nan
nan	nan
nan	nan
nan	nan
nan	nan
nan	nan
nan	nan
nan	nan
nan	nan
nan	nan
nan	nan
nan	nan
nan	nan
nan	nan
nan	nan
nan	nan
nan	nan
nan	nan
nan	nan
nan	nan
nan	nan
nan	nan
nan	nan
nan	nan
nan	nan
nan	nan
nan	nan
nan	nan
nan	nan
nan	nan
nan	nan
nan	nan
nan	nan
nan	nan
nan	nan
nan	nan
nan	nan
nan	nan
nan	nan
nan	nan
nan	nan
nan	nan
nan	nan
nan	nan
nan	nan
nan	nan
nan	nan
nan	nan
nan	nan
nan	nan
nan	nan
nan	nan
nan	nan
nan	nan
nan	nan
nan	nan
nan	nan
nan	nan
nan	nan
nan	nan
nan	nan
nan	nan
nan	nan
nan	nan
nan	nan
nan	nan
nan	nan
nan	nan
nan	nan
nan	nan
nan	nan
nan	nan
nan	nan
nan	nan
nan	nan
nan	nan
nan	nan
nan	nan
nan	nan
nan	nan
nan	nan
nan	nan
nan	nan
nan	nan
nan	nan
nan	nan
nan	nan
nan	nan
nan	nan
nan	nan
nan	nan
nan	nan
nan	nan
nan	nan
nan	nan
nan	nan
nan	nan
nan	nan
nan	nan
nan	nan
nan	nan
nan	nan
nan	nan
nan	nan
nan	nan
nan	nan
nan	nan
nan	nan
nan	nan
nan	nan
nan	nan
nan	nan
nan	nan
nan	nan
nan	nan
nan	nan
nan	nan
nan	nan
nan	nan
nan	nan
nan	nan
nan	nan
nan	nan
nan	nan
nan	nan
nan	nan
nan	nan
nan	nan
nan	nan
nan	nan
nan	nan
nan	nan
nan	nan
nan	nan
nan	nan
nan	nan
nan	nan
nan	nan
nan	nan
nan	nan
nan	nan
nan	nan
nan	nan
nan	nan
nan	nan
nan	nan
nan	nan
nan	nan
nan	nan
nan	nan
nan	nan
nan	nan
nan	nan
nan	nan
nan	nan
nan	nan
nan	nan
nan	nan
nan	nan
nan	nan
nan	nan
nan	nan
nan	nan
nan	nan
nan	nan
nan	nan
nan	nan
nan	nan
nan	nan
nan	nan
nan	nan
nan	nan
nan	nan
nan	nan
nan	nan
nan	nan
nan	nan
nan	nan
nan	nan
nan	nan
nan	nan
nan	nan
nan	nan
nan	nan
nan	nan
nan	nan
nan	nan
nan	nan
nan	nan
nan	nan
nan	nan
nan	nan
nan	nan
nan	nan
nan	nan
nan	nan
nan	nan
nan	nan
nan	nan
nan	nan
nan	nan
nan	nan
nan	nan
nan	nan
nan	nan
nan	nan
nan	nan
nan	nan
nan	nan
nan	nan
nan	nan
nan	nan
nan	nan
nan	nan
nan	nan
nan	nan
nan	nan
nan	nan
nan	nan
nan	nan
nan	nan
nan	nan
nan	nan
nan	nan
nan	nan
nan	nan
nan	nan
nan	nan
nan	nan
nan	nan
nan	nan
nan	nan
nan	nan
nan	nan
nan	nan
nan	nan
nan	nan
nan	nan
nan	nan
nan	nan
nan	nan
nan	nan
nan	nan
nan	nan
nan	nan
nan	nan
nan	nan
nan	nan
nan	nan
nan	nan
nan	nan
nan	nan
nan	nan
nan	nan
nan	nan
nan	nan
nan	nan
nan	nan
nan	nan
nan	nan
nan	nan
nan	nan
nan	nan
nan	nan
nan	nan
nan	nan
nan	nan
nan	nan
nan	nan
nan	nan
nan	nan
nan	nan
nan	nan
nan	nan
nan	nan
nan	nan
nan	nan
nan	nan
nan	nan
nan	nan
nan	nan
nan	nan
nan	nan
nan	nan
nan	nan
nan	nan
nan	nan
nan	nan
nan	nan
nan	nan
nan	nan
nan	nan
nan	nan
nan	nan
nan	nan
nan	nan
nan	nan
nan	nan
nan	nan
nan	nan
nan	nan
nan	nan
nan	nan
nan	nan
nan	nan
nan	nan
nan	nan
nan	nan
nan	nan
nan	nan
nan	nan
nan	nan
nan	nan
nan	nan
nan	nan
nan	nan
nan	nan
nan	nan
nan	nan
nan	nan
nan	nan
nan	nan
nan	nan
nan	nan
nan	nan
nan	nan
nan	nan
nan	nan
nan	nan
nan	nan
nan	nan
nan	nan
nan	nan
nan	nan
nan	nan
nan	nan
nan	nan
nan	nan
nan	nan
nan	nan
nan	nan
nan	nan
nan	nan
nan	nan
nan	nan
nan	nan
nan	nan
nan	nan
nan	nan
nan	nan
nan	nan
nan	nan
nan	nan
nan	nan
nan	nan
nan	nan
nan	nan
nan	nan
nan	nan
nan	nan
nan	nan
nan	nan
nan	nan
nan	nan
nan	nan
nan	nan
nan	nan
nan	nan
nan	nan
nan	nan
nan	nan
nan	nan
nan	nan
nan	nan
nan	nan
nan	nan
nan	nan
nan	nan
nan	nan
nan	nan
nan	nan
nan	nan
nan	nan
nan	nan
nan	nan
nan	nan
nan	nan
nan	nan
nan	nan
nan	nan
nan	nan
nan	nan
nan	nan
nan	nan
nan	nan
nan	nan
nan	nan
nan	nan
nan	nan
nan	nan
nan	nan
nan	nan
nan	nan
nan	nan
nan	nan
nan	nan
nan	nan
nan	nan
nan	nan
nan	nan
nan	nan
nan	nan
nan	nan
nan	nan
nan	nan
nan	nan
nan	nan
nan	nan
nan	nan
nan	nan
nan	nan
nan	nan
nan	nan
nan	nan
nan	nan
nan	nan
nan	nan
nan	nan
nan	nan
nan	nan
nan	nan
nan	nan
nan	nan
nan	nan
nan	nan
nan	nan
nan	nan
nan	nan
nan	nan
nan	nan
nan	nan
nan	nan
nan	nan
nan	nan
nan	nan
nan	nan
nan	nan
nan	nan
nan	nan
nan	nan
nan	nan
nan	nan
nan	nan
nan	nan
nan	nan
nan	nan
nan	nan
nan	nan
nan	nan
nan	nan
nan	nan
nan	nan
nan	nan
nan	nan
nan	nan
nan	nan
nan	nan
nan	nan
nan	nan
nan	nan
nan	nan
nan	nan
nan	nan
nan	nan
nan	nan
nan	nan
nan	nan
nan	nan
nan	nan
nan	nan
nan	nan
nan	nan
nan	nan
nan	nan
nan	nan
nan	nan
nan	nan
nan	nan
nan	nan
nan	nan
nan	nan
nan	nan
nan	nan
nan	nan
nan	nan
nan	nan
nan	nan
nan	nan
nan	nan
nan	nan
nan	nan
nan	nan
nan	nan
nan	nan
nan	nan
nan	nan
nan	nan
nan	nan
nan	nan
nan	nan
nan	nan
nan	nan
nan	nan
nan	nan
nan	nan
nan	nan
nan	nan
nan	nan
nan	nan
nan	nan
nan	nan
nan	nan
nan	nan
nan	nan
nan	nan
nan	nan
nan	nan
nan	nan
nan	nan
nan	nan
nan	nan
nan	nan
nan	nan
nan	nan
nan	nan
nan	nan
nan	nan
nan	nan
nan	nan
nan	nan
nan	nan
nan	nan
nan	nan
nan	nan
nan	nan
nan	nan
nan	nan
nan	nan
nan	nan
nan	nan
nan	nan
nan	nan
nan	nan
nan	nan
nan	nan
nan	nan
nan	nan
nan	nan
nan	nan
nan	nan
nan	nan
nan	nan
nan	nan
nan	nan
nan	nan
nan	nan
nan	nan
nan	nan
nan	nan
nan	nan
nan	nan
nan	nan
nan	nan
nan	nan
nan	nan
nan	nan
nan	nan
nan	nan
nan	nan
nan	nan
nan	nan
nan	nan
nan	nan
nan	nan
nan	nan
nan	nan
nan	nan
nan	nan
nan	nan
nan	nan
nan	nan
nan	nan
nan	nan
nan	nan
nan	nan
nan	nan
nan	nan
nan	nan
nan	nan
nan	nan
nan	nan
nan	nan
nan	nan
nan	nan
nan	nan
nan	nan
nan	nan
nan	nan
nan	nan
nan	nan
nan	nan
nan	nan
nan	nan
nan	nan
nan	nan
nan	nan
nan	nan
nan	nan
nan	nan
nan	nan
nan	nan
nan	nan
nan	nan
nan	nan
nan	nan
nan	nan
nan	nan
nan	nan
nan	nan
nan	nan
nan	nan
nan	nan
nan	nan
nan	nan
nan	nan
nan	nan
nan	nan
nan	nan
nan	nan
nan	nan
nan	nan
nan	nan
nan	nan
nan	nan
nan	nan
nan	nan
nan	nan
nan	nan
nan	nan
nan	nan
nan	nan
nan	nan
nan	nan
nan	nan
nan	nan
nan	nan
nan	nan
nan	nan
nan	nan
nan	nan
nan	nan
nan	nan
nan	nan
nan	nan
nan	nan
nan	nan
nan	nan
nan	nan
nan	nan
nan	nan
nan	nan
nan	nan
nan	nan
nan	nan
nan	nan
nan	nan
nan	nan
nan	nan
nan	nan
nan	nan
nan	nan
nan	nan
nan	nan
nan	nan
nan	nan
nan	nan
nan	nan
nan	nan
nan	nan
nan	nan
nan	nan
nan	nan
nan	nan
nan	nan
nan	nan
nan	nan
nan	nan
nan	nan
nan	nan
nan	nan
nan	nan
nan	nan
nan	nan
nan	nan
nan	nan
nan	nan
nan	nan
nan	nan
nan	nan
nan	nan
nan	nan
nan	nan
nan	nan
nan	nan
nan	nan
nan	nan
nan	nan
nan	nan
nan	nan
nan	nan
nan	nan
nan	nan
nan	nan
nan	nan
nan	nan
nan	nan
nan	nan
nan	nan
nan	nan
nan	nan
nan	nan
nan	nan
nan	nan
nan	nan
nan	nan
nan	nan
nan	nan
nan	nan
nan	nan
nan	nan
nan	nan
nan	nan
nan	nan
nan	nan
nan	nan
nan	nan
nan	nan
nan	nan
nan	nan
nan	nan
nan	nan
nan	nan
nan	nan
nan	nan
nan	nan
nan	nan
nan	nan
nan	nan
nan	nan
nan	nan
nan	nan
nan	nan
nan	nan
nan	nan
nan	nan
nan	nan
nan	nan
nan	nan
nan	nan
nan	nan
nan	nan
nan	nan
nan	nan
nan	nan
nan	nan
nan	nan
nan	nan
nan	nan
nan	nan
nan	nan
nan	nan
nan	nan
nan	nan
nan	nan
nan	nan
nan	nan
nan	nan
nan	nan
nan	nan
nan	nan
nan	nan
nan	nan
nan	nan
nan	nan
nan	nan
nan	nan
nan	nan
nan	nan
nan	nan
nan	nan
nan	nan
nan	nan
nan	nan
nan	nan
nan	nan
nan	nan
nan	nan
nan	nan
nan	nan
nan	nan
nan	nan
nan	nan
nan	nan
nan	nan
nan	nan
nan	nan
nan	nan
nan	nan
nan	nan
nan	nan
nan	nan
nan	nan
nan	nan
nan	nan
nan	nan
nan	nan
nan	nan
nan	nan
nan	nan
nan	nan
nan	nan
nan	nan
nan	nan
nan	nan
nan	nan
nan	nan
nan	nan
nan	nan
nan	nan
nan	nan
nan	nan
nan	nan
nan	nan
nan	nan
nan	nan
nan	nan
nan	nan
nan	nan
nan	nan
nan	nan
nan	nan
nan	nan
nan	nan
nan	nan
nan	nan
nan	nan
nan	nan
nan	nan
nan	nan
nan	nan
nan	nan
nan	nan
nan	nan
nan	nan
nan	nan
nan	nan
nan	nan
nan	nan
nan	nan
nan	nan
nan	nan
nan	nan
nan	nan
nan	nan
nan	nan
nan	nan
nan	nan
nan	nan
nan	nan
nan	nan
nan	nan
nan	nan
nan	nan
nan	nan
nan	nan
nan	nan
nan	nan
nan	nan
nan	nan
nan	nan
nan	nan
nan	nan
nan	nan
nan	nan
nan	nan
nan	nan
nan	nan
nan	nan
nan	nan
nan	nan
nan	nan
nan	nan
nan	nan
nan	nan
nan	nan
nan	nan
nan	nan
nan	nan
nan	nan
nan	nan
nan	nan
nan	nan
nan	nan
nan	nan
nan	nan
nan	nan
nan	nan
nan	nan
nan	nan
nan	nan
nan	nan
nan	nan
nan	nan
nan	nan
nan	nan
nan	nan
nan	nan
nan	nan
nan	nan
nan	nan
nan	nan
nan	nan
nan	nan
nan	nan
nan	nan
nan	nan
nan	nan
nan	nan
nan	nan
nan	nan
nan	nan
nan	nan
nan	nan
nan	nan
nan	nan
nan	nan
nan	nan
nan	nan
nan	nan
nan	nan
nan	nan
nan	nan
nan	nan
nan	nan
nan	nan
nan	nan
nan	nan
nan	nan
nan	nan
nan	nan
nan	nan
nan	nan
nan	nan
nan	nan
nan	nan
nan	nan
nan	nan
nan	nan
nan	nan
nan	nan
nan	nan
nan	nan
nan	nan
nan	nan
nan	nan
nan	nan
nan	nan
nan	nan
nan	nan
nan	nan
nan	nan
nan	nan
nan	nan
nan	nan
nan	nan
nan	nan
nan	nan
nan	nan
nan	nan
nan	nan
nan	nan
nan	nan
nan	nan
nan	nan
nan	nan
nan	nan
nan	nan
nan	nan
nan	nan
nan	nan
nan	nan
nan	nan
nan	nan
nan	nan
nan	nan
nan	nan
nan	nan
nan	nan
nan	nan
nan	nan
nan	nan
nan	nan
nan	nan
nan	nan
nan	nan
nan	nan
nan	nan
nan	nan
nan	nan
nan	nan
nan	nan
nan	nan
nan	nan
nan	nan
nan	nan
nan	nan
nan	nan
nan	nan
nan	nan
nan	nan
nan	nan
nan	nan
nan	nan
nan	nan
nan	nan
nan	nan
nan	nan
nan	nan
nan	nan
nan	nan
nan	nan
nan	nan
nan	nan
nan	nan
nan	nan
nan	nan
nan	nan
nan	nan
nan	nan
nan	nan
nan	nan
nan	nan
nan	nan
nan	nan
nan	nan
nan	nan
nan	nan
nan	nan
nan	nan
nan	nan
nan	nan
nan	nan
nan	nan
nan	nan
nan	nan
nan	nan
nan	nan
nan	nan
nan	nan
nan	nan
nan	nan
nan	nan
nan	nan
nan	nan
nan	nan
nan	nan
nan	nan
nan	nan
nan	nan
nan	nan
nan	nan
nan	nan
nan	nan
nan	nan
nan	nan
nan	nan
nan	nan
nan	nan
nan	nan
nan	nan
nan	nan
nan	nan
nan	nan
nan	nan
nan	nan
nan	nan
nan	nan
nan	nan
nan	nan
nan	nan
nan	nan
nan	nan
nan	nan
nan	nan
nan	nan
nan	nan
nan	nan
nan	nan
nan	nan
nan	nan
nan	nan
nan	nan
nan	nan
nan	nan
nan	nan
nan	nan
nan	nan
nan	nan
nan	nan
nan	nan
nan	nan
nan	nan
nan	nan
nan	nan
nan	nan
nan	nan
nan	nan
nan	nan
nan	nan
nan	nan
nan	nan
nan	nan
nan	nan
nan	nan
nan	nan
nan	nan
nan	nan
nan	nan
nan	nan
nan	nan
nan	nan
nan	nan
nan	nan
nan	nan
nan	nan
nan	nan
nan	nan
nan	nan
nan	nan
nan	nan
nan	nan
nan	nan
nan	nan
nan	nan
nan	nan
nan	nan
nan	nan
nan	nan
nan	nan
nan	nan
nan	nan
nan	nan
nan	nan
nan	nan
nan	nan
nan	nan
nan	nan
nan	nan
nan	nan
nan	nan
nan	nan
nan	nan
nan	nan
nan	nan
nan	nan
nan	nan
nan	nan
nan	nan
nan	nan
nan	nan
nan	nan
nan	nan
nan	nan
nan	nan
nan	nan
nan	nan
nan	nan
nan	nan
nan	nan
nan	nan
nan	nan
nan	nan
nan	nan
nan	nan
nan	nan
nan	nan
nan	nan
nan	nan
nan	nan
nan	nan
nan	nan
nan	nan
nan	nan
nan	nan
nan	nan
nan	nan
nan	nan
nan	nan
nan	nan
nan	nan
nan	nan
nan	nan
nan	nan
nan	nan
nan	nan
nan	nan
nan	nan
nan	nan
nan	nan
nan	nan
nan	nan
nan	nan
nan	nan
nan	nan
nan	nan
nan	nan
nan	nan
nan	nan
nan	nan
nan	nan
nan	nan
nan	nan
nan	nan
nan	nan
nan	nan
nan	nan
nan	nan
nan	nan
nan	nan
nan	nan
nan	nan
nan	nan
nan	nan
nan	nan
nan	nan
nan	nan
nan	nan
nan	nan
nan	nan
nan	nan
nan	nan
nan	nan
nan	nan
nan	nan
nan	nan
nan	nan
nan	nan
nan	nan
nan	nan
nan	nan
nan	nan
nan	nan
nan	nan
nan	nan
nan	nan
nan	nan
nan	nan
nan	nan
nan	nan
nan	nan
nan	nan
nan	nan
nan	nan
nan	nan
nan	nan
nan	nan
nan	nan
nan	nan
nan	nan
nan	nan
nan	nan
nan	nan
nan	nan
nan	nan
nan	nan
nan	nan
nan	nan
nan	nan
nan	nan
nan	nan
nan	nan
nan	nan
nan	nan
nan	nan
nan	nan
nan	nan
nan	nan
nan	nan
nan	nan
nan	nan
nan	nan
nan	nan
nan	nan
nan	nan
nan	nan
nan	nan
nan	nan
nan	nan
nan	nan
nan	nan
nan	nan
nan	nan
nan	nan
nan	nan
nan	nan
nan	nan
nan	nan
nan	nan
nan	nan
nan	nan
nan	nan
nan	nan
nan	nan
nan	nan
nan	nan
nan	nan
nan	nan
nan	nan
nan	nan
nan	nan
nan	nan
nan	nan
nan	nan
nan	nan
nan	nan
nan	nan
nan	nan
nan	nan
nan	nan
nan	nan
nan	nan
nan	nan
nan	nan
nan	nan
nan	nan
nan	nan
nan	nan
nan	nan
nan	nan
nan	nan
nan	nan
nan	nan
nan	nan
nan	nan
nan	nan
nan	nan
nan	nan
nan	nan
nan	nan
nan	nan
nan	nan
nan	nan
nan	nan
nan	nan
nan	nan
nan	nan
nan	nan
nan	nan
nan	nan
nan	nan
nan	nan
nan	nan
nan	nan
nan	nan
nan	nan
nan	nan
nan	nan
nan	nan
nan	nan
nan	nan
nan	nan
nan	nan
nan	nan
nan	nan
nan	nan
nan	nan
nan	nan
nan	nan
nan	nan
nan	nan
nan	nan
nan	nan
nan	nan
nan	nan
nan	nan
nan	nan
nan	nan
nan	nan
nan	nan
nan	nan
nan	nan
nan	nan
nan	nan
nan	nan
nan	nan
nan	nan
nan	nan
nan	nan
nan	nan
nan	nan
nan	nan
nan	nan
nan	nan
nan	nan
nan	nan
nan	nan
nan	nan
nan	nan
nan	nan
nan	nan
nan	nan
nan	nan
nan	nan
nan	nan
nan	nan
nan	nan
nan	nan
nan	nan
nan	nan
nan	nan
nan	nan
nan	nan
nan	nan
nan	nan
nan	nan
nan	nan
nan	nan
nan	nan
nan	nan
nan	nan
nan	nan
nan	nan
nan	nan
nan	nan
nan	nan
nan	nan
nan	nan
nan	nan
nan	nan
nan	nan
nan	nan
nan	nan
nan	nan
nan	nan
nan	nan
nan	nan
nan	nan
nan	nan
nan	nan
nan	nan
nan	nan
nan	nan
nan	nan
nan	nan
nan	nan
nan	nan
nan	nan
nan	nan
nan	nan
nan	nan
nan	nan
nan	nan
nan	nan
nan	nan
nan	nan
nan	nan
nan	nan
nan	nan
nan	nan
nan	nan
nan	nan
nan	nan
nan	nan
nan	nan
nan	nan
nan	nan
nan	nan
nan	nan
nan	nan
nan	nan
nan	nan
nan	nan
nan	nan
nan	nan
nan	nan
nan	nan
nan	nan
nan	nan
nan	nan
nan	nan
nan	nan
nan	nan
nan	nan
nan	nan
nan	nan
nan	nan
nan	nan
nan	nan
nan	nan
nan	nan
nan	nan
nan	nan
nan	nan
nan	nan
nan	nan
nan	nan
nan	nan
nan	nan
nan	nan
nan	nan
nan	nan
nan	nan
nan	nan
nan	nan
nan	nan
nan	nan
nan	nan
nan	nan
nan	nan
nan	nan
nan	nan
nan	nan
nan	nan
nan	nan
nan	nan
nan	nan
nan	nan
nan	nan
nan	nan
nan	nan
nan	nan
nan	nan
nan	nan
nan	nan
nan	nan
nan	nan
nan	nan
nan	nan
nan	nan
nan	nan
nan	nan
nan	nan
nan	nan
nan	nan
nan	nan
nan	nan
nan	nan
nan	nan
nan	nan
nan	nan
nan	nan
nan	nan
nan	nan
nan	nan
nan	nan
nan	nan
nan	nan
nan	nan
nan	nan
nan	nan
nan	nan
nan	nan
nan	nan
nan	nan
nan	nan
nan	nan
nan	nan
nan	nan
nan	nan
nan	nan
nan	nan
nan	nan
nan	nan
nan	nan
nan	nan
nan	nan
nan	nan
nan	nan
nan	nan
nan	nan
nan	nan
nan	nan
nan	nan
nan	nan
nan	nan
nan	nan
nan	nan
nan	nan
nan	nan
nan	nan
nan	nan
nan	nan
nan	nan
nan	nan
nan	nan
nan	nan
nan	nan
nan	nan
nan	nan
nan	nan
nan	nan
nan	nan
nan	nan
nan	nan
nan	nan
nan	nan
nan	nan
nan	nan
nan	nan
nan	nan
nan	nan
nan	nan
nan	nan
nan	nan
nan	nan
nan	nan
nan	nan
nan	nan
nan	nan
nan	nan
nan	nan
nan	nan
nan	nan
nan	nan
nan	nan
nan	nan
nan	nan
nan	nan
nan	nan
nan	nan
nan	nan
nan	nan
nan	nan
nan	nan
nan	nan
nan	nan
nan	nan
nan	nan
nan	nan
nan	nan
nan	nan
nan	nan
nan	nan
nan	nan
nan	nan
nan	nan
nan	nan
nan	nan
nan	nan
nan	nan
nan	nan
nan	nan
nan	nan
nan	nan
nan	nan
nan	nan
nan	nan
nan	nan
nan	nan
nan	nan
nan	nan
nan	nan
nan	nan
nan	nan
nan	nan
nan	nan
nan	nan
nan	nan
nan	nan
nan	nan
nan	nan
nan	nan
nan	nan
nan	nan
nan	nan
nan	nan
nan	nan
nan	nan
nan	nan
nan	nan
nan	nan
nan	nan
nan	nan
nan	nan
nan	nan
nan	nan
nan	nan
nan	nan
nan	nan
nan	nan
nan	nan
nan	nan
nan	nan
nan	nan
nan	nan
nan	nan
nan	nan
nan	nan
nan	nan
nan	nan
nan	nan
nan	nan
nan	nan
nan	nan
nan	nan
nan	nan
nan	nan
nan	nan
nan	nan
nan	nan
nan	nan
nan	nan
nan	nan
nan	nan
nan	nan
nan	nan
nan	nan
nan	nan
nan	nan
nan	nan
nan	nan
nan	nan
nan	nan
nan	nan
nan	nan
nan	nan
nan	nan
nan	nan
nan	nan
nan	nan
nan	nan
nan	nan
nan	nan
nan	nan
nan	nan
nan	nan
nan	nan
nan	nan
nan	nan
nan	nan
nan	nan
nan	nan
nan	nan
nan	nan
nan	nan
nan	nan
nan	nan
nan	nan
nan	nan
nan	nan
nan	nan
nan	nan
nan	nan
nan	nan
nan	nan
nan	nan
nan	nan
nan	nan
nan	nan
nan	nan
nan	nan
nan	nan
nan	nan
nan	nan
nan	nan
nan	nan
nan	nan
nan	nan
nan	nan
nan	nan
nan	nan
